t,seg,active_gate,thrust,gate_found,u_err,v_err,size_frac,cy,steer,des_roll_deg,roll_n,est_pitch_deg,gyro_pitch,des_pitch_deg,pitch_n,tube_found,u_tube,curvature,area_frac,est_roll_deg,hold_on,loop_hz,det_hz
0.0090,0,0,0.2750,1,+0.01719,-0.01485,0.08407,177.33,0,+0.000,+0.00000,-17.802,+0.00000,-17.80,+0.00000,1,-0.01830,+0.01893,0.10908,+0.016,0,0.0,0.0
0.0418,0,0,0.2750,1,+0.01763,-0.01220,0.08315,177.80,0,+0.000,+0.00000,-17.802,+0.00000,-17.80,+0.00000,1,-0.01989,+0.01664,0.07716,+0.016,0,0.0,0.0
0.0707,0,0,0.2750,1,+0.01842,-0.01278,0.08370,177.70,0,+0.000,+0.00000,-17.808,-0.01730,-17.80,+0.00000,1,-0.02551,+0.01968,0.05704,+0.016,0,0.0,0.0
0.0957,0,0,0.2750,1,+0.01842,-0.01278,0.08370,177.70,0,+0.000,+0.00000,-17.582,-0.00228,-17.80,+0.00000,1,-0.02551,+0.01968,0.05704,+0.034,0,0.0,0.0
0.1253,0,0,0.2750,1,+0.01814,-0.01283,0.08352,177.69,0,+0.000,+0.00000,-16.570,-0.00092,-17.80,+0.00000,1,-0.05579,+0.04750,0.04064,+0.031,0,0.0,0.0
0.1526,0,0,0.2750,1,+0.01905,-0.01326,0.08389,177.61,0,+0.000,+0.00000,-15.660,+0.00635,-17.80,+0.00000,1,-0.02356,+0.00375,0.02425,+0.031,0,0.0,0.0
0.1806,0,0,0.2750,1,+0.02006,-0.00822,0.08146,178.52,0,+0.000,+0.00000,-14.831,+0.00389,-17.80,+0.00000,1,-0.03062,+0.00798,0.02033,+0.030,0,0.0,0.0
0.2075,0,0,0.2750,1,+0.02068,-0.00537,0.07993,179.03,0,+0.000,+0.00000,-13.963,+0.00036,-17.80,+0.00000,1,-0.02717,+0.01165,0.01906,+0.028,0,0.0,0.0
0.2376,0,0,0.2750,1,+0.02158,-0.00709,0.08051,178.72,0,+0.000,+0.00000,-13.017,+0.00094,-17.80,+0.00000,1,-0.01912,+0.00189,0.01798,+0.026,0,0.0,0.0
0.2671,0,0,0.2750,1,+0.02109,-0.00662,0.08012,178.81,0,+0.000,+0.00000,-12.244,+0.00098,-17.80,+0.00000,1,-0.02276,+0.01028,0.01742,+0.025,0,0.0,0.0
0.2980,0,0,0.2750,1,+0.02110,-0.00767,0.08051,178.62,0,+0.000,+0.00000,-11.306,+0.00073,-17.80,+0.00000,1,-0.01801,+0.00719,0.01712,+0.023,0,0.0,0.0
0.3257,0,0,0.2750,1,+0.02110,-0.00767,0.08051,178.62,0,+0.000,+0.00000,-10.620,+0.00067,-17.80,+0.00000,1,-0.01801,+0.00719,0.01712,+0.022,0,0.0,0.0
0.3556,0,0,0.2750,1,+0.02096,-0.00808,0.08032,178.55,0,+0.000,+0.00000,-10.042,+0.00059,-17.80,+0.00000,1,-0.02645,+0.01424,0.01671,+0.020,0,0.0,0.0
0.3857,0,0,0.2750,1,+0.01984,-0.00891,0.07993,178.40,0,+0.000,+0.00000,-9.258,+0.00051,-17.80,+0.00000,1,-0.03055,+0.02358,0.01664,+0.019,0,0.0,0.0
0.4155,0,0,0.2750,1,+0.02024,-0.01179,0.08127,177.88,0,+0.000,+0.00000,-8.792,+0.00045,-17.80,+0.00000,1,-0.03238,+0.02552,0.01647,+0.018,0,0.0,0.0
0.4449,0,0,0.2750,1,+0.01952,-0.01289,0.08221,177.68,0,+0.000,+0.00000,-8.405,+0.00040,-17.80,+0.00000,1,-0.03337,+0.02478,0.01668,+0.017,0,0.0,0.0
0.4724,0,0,0.2750,1,+0.02082,-0.01459,0.08425,177.37,0,+0.000,+0.00000,-7.827,+0.00035,-17.80,+0.00000,1,-0.04147,+0.03022,0.01648,+0.016,0,0.0,0.0
0.5008,0,0,0.2750,1,+0.02047,-0.01626,0.08480,177.07,0,+0.000,+0.00000,-7.406,+0.00031,-17.80,+0.00000,1,-0.04871,+0.04187,0.01630,+0.015,0,0.0,0.0
0.5314,0,0,0.2750,1,+0.02101,-0.01498,0.08625,177.30,0,+0.000,+0.00000,-6.872,+0.00026,-17.80,+0.00000,1,-0.05738,+0.04599,0.01677,+0.014,0,0.0,0.0
0.5596,0,0,0.2750,1,+0.02101,-0.01498,0.08625,177.30,0,+0.000,+0.00000,-6.518,+0.00025,-17.80,+0.00000,1,-0.05738,+0.04599,0.01677,+0.013,0,0.0,0.0
0.5891,0,0,0.2750,1,+0.02135,-0.01299,0.08444,177.66,0,+0.000,+0.00000,-6.216,+0.00021,-17.80,+0.00000,1,-0.07269,+0.06255,0.01700,+0.012,0,0.0,0.0
0.6174,0,0,0.2750,1,+0.02112,-0.01369,0.08553,177.54,0,+0.000,+0.00000,-5.835,+0.00018,-17.80,+0.00000,1,-0.06222,+0.05745,0.01727,+0.011,0,0.0,0.0
0.6459,0,0,0.2750,1,+0.02049,-0.01364,0.08553,177.54,0,+0.000,+0.00000,-5.582,+0.00016,-17.80,+0.00000,1,-0.05894,+0.05331,0.01622,+0.011,0,0.0,0.0
0.6749,0,0,0.2750,1,+0.02009,-0.01396,0.08571,177.49,0,+0.000,+0.00000,-5.339,+0.00014,-17.80,+0.00000,1,-0.07181,+0.06467,0.01439,+0.010,0,0.0,0.0
0.7037,0,0,0.2750,1,+0.02015,-0.01406,0.08553,177.47,0,+0.000,+0.00000,-5.101,+0.00013,-17.80,+0.00000,1,-0.09960,+0.09196,0.01213,+0.010,0,0.0,0.0
0.7346,0,0,0.2750,1,+0.01999,-0.01328,0.08625,177.61,0,+0.000,+0.00000,-4.794,+0.00011,-17.80,+0.00000,1,-0.12672,+0.11903,0.01003,+0.009,0,0.0,0.0
0.7637,0,0,0.2750,1,+0.01955,-0.02080,0.08924,176.26,0,+0.000,+0.00000,-4.569,+0.00010,-17.80,+0.00000,1,-0.12634,+0.11450,0.00836,+0.008,0,0.0,0.0
0.7947,0,0,0.2750,1,+0.01973,-0.01990,0.08854,176.42,0,+0.000,+0.00000,-4.372,+0.00008,-17.80,+0.00000,1,-0.17319,+0.15726,0.00648,+0.008,0,0.0,0.0
0.8221,0,0,0.2750,1,+0.01973,-0.01990,0.08854,176.42,0,+0.000,+0.00000,-4.210,+0.00008,-17.80,+0.00000,1,-0.17319,+0.15726,0.00648,+0.007,0,0.0,0.0
0.8521,0,0,0.2750,1,+0.01946,-0.02074,0.08872,176.27,0,+0.000,+0.00000,-4.105,+0.00007,-17.80,+0.00000,0,+0.00000,+0.00000,0.00462,+0.007,0,0.0,0.0
0.8781,0,0,0.2750,1,+0.01890,-0.02305,0.08889,175.85,0,+0.000,+0.00000,-4.008,+0.00006,-17.80,+0.00000,0,+0.00000,+0.00000,0.00484,+0.007,0,0.0,0.0
0.9078,0,0,0.2750,1,+0.01882,-0.02331,0.08889,175.80,0,+0.000,+0.00000,-3.868,+0.00005,-17.80,+0.00000,0,+0.00000,+0.00000,0.02624,+0.006,0,0.0,0.0
0.9370,0,0,0.2750,1,+0.01640,-0.02284,0.09112,175.89,0,+0.000,+0.00000,-3.697,+0.00005,-17.80,+0.00000,0,+0.00000,+0.00000,0.02911,+0.006,0,0.0,0.0
0.9624,0,0,0.2750,1,+0.01554,-0.02308,0.09146,175.85,0,+0.000,+0.00000,-3.626,+0.00004,-17.80,+0.00000,0,+0.00000,+0.00000,0.01773,+0.006,0,0.0,0.0
0.9871,0,0,0.2750,1,+0.01554,-0.02308,0.09146,175.85,0,+0.000,+0.00000,-3.569,+0.00004,-17.80,+0.00000,0,+0.00000,+0.00000,0.01773,+0.005,0,0.0,0.0
1.0145,0,0,0.2750,1,+0.01583,-0.02862,0.08906,174.85,0,+0.000,+0.00000,-3.506,+0.00003,-17.80,+0.00000,0,+0.00000,+0.00000,0.00519,+0.005,0,35.8,34.8
1.0403,0,0,0.2750,1,+0.01566,-0.02836,0.08906,174.89,0,+0.000,+0.00000,-3.406,+0.00003,-17.80,+0.00000,0,+0.00000,+0.00000,0.00364,+0.005,0,35.8,34.8
1.0669,0,0,0.2750,1,+0.01594,-0.02789,0.08802,174.98,0,+0.000,+0.00000,-3.408,+0.00003,-17.80,+0.00000,0,+0.00000,+0.00000,0.00467,+0.004,0,35.8,34.8
1.0932,0,0,0.2750,1,+0.01490,-0.02786,0.08924,174.98,0,+0.000,+0.00000,-3.255,+0.00002,-17.80,+0.00000,0,+0.00000,+0.00000,0.00630,+0.004,0,35.8,34.8
1.1222,0,0,0.2750,1,+0.01490,-0.02786,0.08924,174.98,0,+0.000,+0.00000,-3.255,+0.00002,-17.80,+0.00000,0,+0.00000,+0.00000,0.00630,+0.004,0,35.8,34.8
1.1467,0,0,0.2750,1,+0.01464,-0.02715,0.08906,175.11,0,+0.000,+0.00000,-3.245,+0.00002,-17.80,+0.00000,0,+0.00000,+0.00000,0.00833,+0.004,0,35.8,34.8
1.1706,0,0,0.2750,1,+0.01466,-0.03034,0.08958,174.54,0,+0.000,+0.00000,-3.172,+0.00002,-17.80,+0.00000,0,+0.00000,+0.00000,0.01014,+0.003,0,35.8,34.8
1.1952,0,0,0.2750,1,+0.01466,-0.03034,0.08958,174.54,0,+0.000,+0.00000,-3.236,+0.00002,-17.80,+0.00000,0,+0.00000,+0.00000,0.01014,+0.003,0,35.8,34.8
1.2218,0,0,0.2750,1,+0.01778,-0.02556,0.09010,175.40,0,+0.000,+0.00000,-3.265,+0.00001,-17.80,+0.00000,0,+0.00000,+0.00000,0.01082,+0.003,0,35.8,34.8
1.2483,0,0,0.2750,1,+0.01793,-0.01918,0.08696,176.55,0,+0.000,+0.00000,-3.320,+0.00001,-17.80,+0.00000,0,+0.00000,+0.00000,0.01076,+0.003,0,35.8,34.8
1.2749,0,0,0.2750,1,+0.01938,-0.01527,0.08571,177.25,0,+0.000,+0.00000,-3.317,+0.00001,-17.80,+0.00000,0,+0.00000,+0.00000,0.01079,+0.003,0,35.8,34.8
1.3008,0,0,0.2750,1,+0.01964,-0.01613,0.08589,177.10,0,+0.000,+0.00000,-3.516,+0.00001,-17.80,+0.00000,0,+0.00000,+0.00000,0.01264,+0.003,0,35.8,34.8
1.3270,0,0,0.2750,1,+0.01964,-0.01613,0.08589,177.10,0,+0.000,+0.00000,-3.525,+0.00001,-17.80,+0.00000,0,+0.00000,+0.00000,0.01264,+0.003,0,35.8,34.8
1.3583,0,0,0.2750,1,+0.01992,-0.01535,0.08625,177.24,0,+0.000,+0.00000,-3.517,+0.00001,-17.80,+0.00000,0,+0.00000,+0.00000,0.01417,+0.003,0,35.8,34.8
1.3895,0,0,0.2750,1,+0.01932,-0.01574,0.08607,177.17,0,+0.000,+0.00000,-3.572,+0.00001,-17.80,+0.00000,0,+0.00000,+0.00000,0.01509,+0.002,0,35.8,34.8
1.4171,0,0,0.2750,1,+0.01932,-0.01574,0.08607,177.17,0,+0.000,+0.00000,-3.579,+0.00001,-17.80,+0.00000,0,+0.00000,+0.00000,0.01509,+0.002,0,35.8,34.8
1.4462,0,0,0.2750,1,+0.01868,-0.02249,0.08802,175.95,0,+0.000,+0.00000,-3.779,+0.00000,-17.80,+0.00000,0,+0.00000,+0.00000,0.01546,+0.002,0,35.8,34.8
1.4757,0,0,0.2750,1,+0.01901,-0.02651,0.09078,175.23,0,+0.000,+0.00000,-3.760,+0.00000,-17.80,+0.00000,0,+0.00000,+0.00000,0.01513,+0.002,0,35.8,34.8
1.5052,0,0,0.2750,1,+0.01807,-0.03116,0.09061,174.39,0,+0.000,+0.00000,-3.825,+0.00000,-17.80,+0.00000,0,+0.00000,+0.00000,0.01513,+0.002,0,35.8,34.8
1.5323,0,0,0.2750,1,+0.01844,-0.03375,0.09061,173.92,0,+0.000,+0.00000,-3.937,+0.00000,-17.80,+0.00000,0,+0.00000,+0.00000,0.01559,+0.002,0,35.8,34.8
1.5624,0,0,0.2750,1,+0.01844,-0.03375,0.09061,173.92,0,+0.000,+0.00000,-3.988,+0.00000,-17.80,+0.00000,0,+0.00000,+0.00000,0.01559,+0.002,0,35.8,34.8
1.5923,0,0,0.2750,1,+0.01913,-0.03690,0.09296,173.36,0,+0.000,+0.00000,-4.075,+0.00000,-17.80,+0.00000,0,+0.00000,+0.00000,0.01641,+0.002,0,35.8,34.8
1.6318,0,0,0.2750,1,+0.02062,-0.03765,0.09428,173.22,0,+0.000,+0.00000,-4.115,+0.00000,-17.80,+0.00000,0,+0.00000,+0.00000,0.01698,+0.002,0,35.8,34.8
1.6633,0,0,0.2750,1,+0.02062,-0.03765,0.09428,173.22,0,+0.000,+0.00000,-4.195,+0.00000,-17.80,+0.00000,0,+0.00000,+0.00000,0.01698,+0.002,0,35.8,34.8
1.6911,0,0,0.2750,1,+0.02256,-0.04600,0.09860,171.72,0,+0.000,+0.00000,-4.255,+0.00000,-17.80,+0.00000,0,+0.00000,+0.00000,0.01782,+0.001,0,35.8,34.8
1.7219,0,0,0.2750,1,+0.02031,-0.04451,0.10015,171.99,1,-1.164,-0.00508,-4.308,+0.00000,-17.80,+0.00000,0,+0.00000,+0.00000,0.01992,+0.001,0,35.8,34.8
1.7488,0,0,0.2750,1,+0.02031,-0.04451,0.10015,171.99,1,-1.164,-0.00508,-4.404,+0.00000,-17.80,+0.00000,0,+0.00000,+0.00000,0.01992,+0.001,0,35.8,34.8
1.7778,0,0,0.2750,1,+0.01862,-0.04729,0.10304,171.49,1,-1.067,-0.00426,-4.509,+0.00000,-17.80,+0.00000,0,+0.00000,+0.00000,0.02169,-0.041,0,35.8,34.8
1.8049,0,0,0.2750,1,+0.01798,-0.04431,0.10153,172.02,1,-1.030,-0.00366,-4.671,+0.00000,-17.80,+0.00000,0,+0.00000,+0.00000,0.02395,-0.130,0,35.8,34.8
1.8314,0,0,0.2750,1,+0.01867,-0.04331,0.10123,172.20,1,-1.070,-0.00357,-4.754,+0.00000,-17.80,+0.00000,0,+0.00000,+0.00000,0.02679,-0.202,0,35.8,34.8
1.8630,0,0,0.2750,1,+0.01867,-0.04331,0.10123,172.20,1,-1.070,-0.00338,-4.856,+0.00000,-17.80,+0.00000,0,+0.00000,+0.00000,0.02679,-0.258,0,35.8,34.8
1.8908,0,0,0.2750,1,+0.01920,-0.05157,0.10334,170.72,1,-1.100,-0.00335,-4.926,+0.00000,-17.80,+0.00000,0,+0.00000,+0.00000,0.03068,-0.296,0,35.8,34.8
1.9179,0,0,0.2750,1,+0.01857,-0.05024,0.10319,170.96,1,-1.064,-0.00303,-5.043,+0.00000,-17.80,+0.00000,0,+0.00000,+0.00000,0.03705,-0.332,0,35.8,34.8
1.9451,0,0,0.2750,1,+0.01855,-0.05090,0.10304,170.84,1,-1.063,-0.00288,-5.190,+0.00000,-17.80,+0.00000,0,+0.00000,+0.00000,0.03359,-0.367,0,35.8,34.8
1.9751,0,0,0.2750,1,+0.01642,-0.05269,0.10497,170.52,1,-0.941,-0.00225,-5.313,+0.00000,-17.80,+0.00000,0,+0.00000,+0.00000,0.02745,-0.392,0,35.8,34.8
2.0067,0,0,0.2750,1,+0.01530,-0.05191,0.10758,170.66,1,-0.877,-0.00184,-5.437,+0.00000,-17.80,+0.00000,0,+0.00000,+0.00000,0.02370,-0.425,0,35.8,34.8
2.0338,0,0,0.2750,1,+0.01520,-0.05660,0.11013,169.81,1,-0.871,-0.00175,-5.505,+0.00000,-17.80,+0.00000,0,+0.00000,+0.00000,0.01888,-0.445,0,35.3,35.3
2.0651,0,0,0.2750,1,+0.01520,-0.05660,0.11013,169.81,1,-0.871,-0.00173,-5.637,+0.00000,-17.80,+0.00000,0,+0.00000,+0.00000,0.01888,-0.454,0,35.3,35.3
2.0932,0,0,0.2750,1,+0.01827,-0.05332,0.10999,170.40,1,-1.047,-0.00251,-5.753,+0.00000,-17.80,+0.00000,0,+0.00000,+0.00000,0.04056,-0.454,0,35.3,35.3
2.1244,0,0,0.2750,1,+0.01827,-0.05332,0.10999,170.40,1,-1.047,-0.00249,-5.865,+0.00000,-17.80,+0.00000,0,+0.00000,+0.00000,0.04056,-0.457,0,35.3,35.3
2.1556,0,0,0.2750,1,+0.01843,-0.05142,0.10999,170.74,1,-1.056,-0.00247,-6.018,+0.00000,-17.80,+0.00000,0,+0.00000,+0.00000,0.05000,-0.462,0,35.3,35.3
2.1850,0,0,0.2750,1,+0.01923,-0.05943,0.11331,169.30,1,-1.102,-0.00262,-6.146,+0.00000,-17.80,+0.00000,0,+0.00000,+0.00000,0.06161,-0.474,0,35.3,35.3
2.2134,0,0,0.2750,1,+0.01623,-0.05954,0.11507,169.28,1,-0.930,-0.00184,-6.348,+0.00000,-17.80,+0.00000,0,+0.00000,+0.00000,0.06315,-0.481,0,35.3,35.3
2.2427,0,0,0.2750,1,+0.01468,-0.05643,0.11547,169.84,1,-0.841,-0.00141,-6.474,+0.00000,-17.80,+0.00000,0,+0.00000,+0.00000,0.06338,-0.490,0,35.3,35.3
2.2715,0,0,0.2750,1,+0.01437,-0.05154,0.11318,170.72,1,-0.823,-0.00128,-6.573,+0.00000,-17.80,+0.00000,0,+0.00000,+0.00000,0.06320,-0.501,0,35.3,35.3
2.3004,0,0,0.2750,1,+0.01511,-0.04678,0.11235,171.58,1,-0.866,-0.00154,-6.690,+0.00000,-17.80,+0.00000,0,+0.00000,+0.00000,0.05866,-0.498,0,35.3,35.3
2.3289,0,0,0.2750,1,+0.01487,-0.03662,0.10901,173.41,1,-0.852,-0.00154,-6.823,-0.00000,-17.80,+0.00000,0,+0.00000,+0.00000,0.05598,-0.486,0,35.3,35.3
2.3579,0,0,0.2750,1,+0.01487,-0.03662,0.10901,173.41,1,-0.852,-0.00158,-6.955,-0.00000,-17.80,+0.00000,0,+0.00000,+0.00000,0.05598,-0.474,0,35.3,35.3
2.3892,0,0,0.2750,1,+0.01544,-0.03634,0.11041,173.46,1,-0.885,-0.00173,-7.080,-0.00000,-17.80,+0.00000,0,+0.00000,+0.00000,0.05455,-0.470,0,35.3,35.3
2.4199,0,0,0.2750,1,+0.01460,-0.03893,0.11263,172.99,1,-0.836,-0.00157,-7.268,+0.00000,-17.80,+0.00000,0,+0.00000,+0.00000,0.05187,-0.459,0,35.3,35.3
2.4516,0,0,0.2750,1,+0.01333,-0.03960,0.11413,172.87,1,-0.764,-0.00125,-7.384,+0.00000,-17.80,+0.00000,0,+0.00000,+0.00000,0.04917,-0.458,0,35.3,35.3
2.4790,0,0,0.2750,1,+0.01401,-0.03944,0.11467,172.90,1,-0.803,-0.00144,-7.480,+0.00000,-17.80,+0.00000,0,+0.00000,+0.00000,0.04234,-0.455,0,35.3,35.3
2.5068,0,0,0.2750,1,+0.01582,-0.03872,0.11507,173.03,1,-0.907,-0.00196,-7.665,+0.00000,-17.80,+0.00000,0,+0.00000,+0.00000,0.04080,-0.442,0,35.3,35.3
2.5377,0,0,0.2750,1,+0.01599,-0.04012,0.11640,172.78,1,-0.916,-0.00201,-7.747,+0.00000,-17.80,+0.00000,0,+0.00000,+0.00000,0.03905,-0.440,0,35.3,35.3
2.5692,0,0,0.2750,1,+0.01491,-0.04410,0.11863,172.06,1,-0.854,-0.00175,-7.911,+0.00000,-17.80,+0.00000,0,+0.00000,+0.00000,0.03376,-0.433,0,35.3,35.3
2.6018,0,0,0.2750,1,+0.01398,-0.04583,0.12285,171.75,1,-0.801,-0.00148,-8.010,+0.00000,-17.80,+0.00000,0,+0.00000,+0.00000,0.02803,-0.438,0,35.3,35.3
2.6319,0,0,0.2750,1,+0.01398,-0.04583,0.12285,171.75,1,-0.801,-0.00149,-8.166,+0.00000,-17.80,+0.00000,0,+0.00000,+0.00000,0.02803,-0.441,0,35.3,35.3
2.6635,0,0,0.2750,1,+0.01432,-0.05125,0.12583,170.78,1,-0.820,-0.00157,-8.273,+0.00000,-17.80,+0.00000,0,+0.00000,+0.00000,0.02088,-0.445,0,35.3,35.3
2.6916,0,0,0.2750,1,+0.01519,-0.05465,0.12644,170.16,1,-0.870,-0.00182,-8.402,+0.00000,-17.80,+0.00000,0,+0.00000,+0.00000,0.02203,-0.438,0,35.3,35.3
2.7196,0,0,0.2750,1,+0.01519,-0.05465,0.12644,170.16,1,-0.870,-0.00184,-8.516,-0.00000,-17.80,+0.00000,0,+0.00000,+0.00000,0.02203,-0.431,0,35.3,35.3
2.7503,0,0,0.2750,1,+0.01184,-0.05183,0.12946,170.67,1,-0.679,-0.00099,-8.633,-0.00000,-17.80,+0.00000,0,+0.00000,+0.00000,0.02467,-0.433,0,35.3,35.3
2.7779,0,0,0.2750,1,+0.01220,-0.05073,0.13194,170.87,1,-0.699,-0.00106,-8.755,-0.00000,-17.80,+0.00000,0,+0.00000,+0.00000,0.02799,-0.435,0,35.3,35.3
2.8076,0,0,0.2750,1,+0.01292,-0.05723,0.13494,169.70,1,-0.740,-0.00129,-8.862,-0.00000,-17.80,+0.00000,0,+0.00000,+0.00000,0.03041,-0.431,0,35.3,35.3
2.8396,0,0,0.2750,1,+0.01180,-0.05851,0.13631,169.47,1,-0.676,-0.00107,-8.978,-0.00000,-17.80,+0.00000,0,+0.00000,+0.00000,0.03315,-0.419,0,35.3,35.3
2.8705,0,0,0.2750,1,+0.01309,-0.05798,0.13777,169.56,1,-0.750,-0.00141,-9.091,-0.00000,-17.80,+0.00000,0,+0.00000,+0.00000,0.03876,-0.412,0,35.3,35.3
2.9024,0,0,0.2750,1,+0.01417,-0.05742,0.14011,169.66,1,-0.812,-0.00174,-9.242,-0.00000,-17.80,+0.00000,0,+0.00000,+0.00000,0.04345,-0.400,0,35.3,35.3
2.9325,0,0,0.2750,1,+0.01291,-0.06320,0.14305,168.62,1,-0.739,-0.00147,-9.404,-0.00000,-17.80,+0.00000,0,+0.00000,+0.00000,0.03631,-0.386,0,35.3,35.3
2.9630,0,0,0.2750,1,+0.01215,-0.06263,0.14657,168.73,1,-0.696,-0.00129,-9.516,-0.00000,-17.80,+0.00000,0,+0.00000,+0.00000,0.03046,-0.383,0,35.3,35.3
2.9935,0,0,0.2750,1,+0.01159,-0.06734,0.14948,167.88,1,-0.664,-0.00117,-9.671,-0.00000,-17.80,+0.00000,0,+0.00000,+0.00000,0.02715,-0.377,0,35.3,35.3
3.0239,0,0,0.2750,1,+0.01159,-0.06734,0.14948,167.88,1,-0.664,-0.00115,-9.746,-0.00000,-17.80,+0.00000,0,+0.00000,+0.00000,0.02715,-0.386,0,35.3,35.3
3.0536,0,0,0.2750,1,+0.01193,-0.06607,0.15225,168.11,1,-0.684,-0.00129,-9.865,-0.00000,-17.80,+0.00000,0,+0.00000,+0.00000,0.02865,-0.375,0,33.3,33.3
3.0824,0,0,0.2750,1,+0.00907,-0.07118,0.15595,167.19,1,-0.520,-0.00065,-10.019,-0.00000,-17.80,+0.00000,0,+0.00000,+0.00000,0.03107,-0.358,0,33.3,33.3
3.1134,0,0,0.2750,1,+0.01001,-0.07391,0.15918,166.70,1,-0.574,-0.00092,-10.159,-0.00000,-17.80,+0.00000,0,+0.00000,+0.00000,0.03626,-0.349,0,33.3,33.3
3.1432,0,0,0.2750,1,+0.01011,-0.07674,0.16471,166.19,1,-0.579,-0.00102,-10.280,+0.00000,-17.80,+0.00000,0,+0.00000,+0.00000,0.04107,-0.335,0,33.3,33.3
3.1765,0,0,0.2750,1,+0.00910,-0.08392,0.17033,164.89,1,-0.521,-0.00084,-10.408,+0.00000,-17.80,+0.00000,0,+0.00000,+0.00000,0.04569,-0.320,0,33.3,33.3
3.2098,0,0,0.2750,1,+0.00865,-0.08687,0.17401,164.36,1,-0.495,-0.00074,-10.526,+0.00000,-17.80,+0.00000,0,+0.00000,+0.00000,0.05212,-0.313,0,33.3,33.3
3.2462,0,0,0.2750,1,+0.00784,-0.08697,0.17586,164.35,1,-0.449,-0.00058,-10.651,-0.00000,-17.80,+0.00000,0,+0.00000,+0.00000,0.05173,-0.306,0,33.3,33.3
3.3270,0,0,0.2750,1,+0.00804,-0.09313,0.18350,163.24,1,-0.461,-0.00078,-10.947,+0.00000,-17.80,+0.00000,0,+0.00000,+0.00000,0.05503,-0.275,0,33.3,33.3
3.3648,0,0,0.2750,1,+0.00535,-0.10871,0.20092,160.43,1,-0.307,-0.00019,-11.105,+0.00000,-17.80,+0.00000,0,+0.00000,+0.00000,0.06976,-0.256,0,33.3,33.3
3.3964,0,0,0.2750,1,+0.00631,-0.10822,0.20420,160.52,1,-0.362,-0.00049,-11.211,+0.00000,-17.80,+0.00000,0,+0.00000,+0.00000,0.07089,-0.243,0,33.3,33.3
3.4330,0,0,0.2750,1,+0.00560,-0.09452,0.20223,162.99,1,-0.321,-0.00040,-11.349,+0.00000,-17.80,+0.00000,0,+0.00000,+0.00000,0.07189,-0.227,0,33.3,33.3
3.4688,0,0,0.2750,1,+0.00499,-0.07375,0.19728,166.72,1,-0.286,-0.00031,-11.448,-0.00000,-17.80,+0.00000,0,+0.00000,+0.00000,0.07613,-0.211,0,33.3,33.3
3.5059,0,0,0.2750,1,+0.00609,-0.04524,0.19181,171.86,1,-0.349,-0.00064,-11.590,-0.00000,-17.80,+0.00000,0,+0.00000,+0.00000,0.07874,-0.196,0,33.3,33.3
3.5434,0,0,0.2750,1,+0.00603,-0.04526,0.19697,171.85,1,-0.345,-0.00069,-11.702,-0.00000,-17.80,+0.00000,0,+0.00000,+0.00000,0.08011,-0.184,0,33.3,33.3
3.5843,0,0,0.2750,1,+0.00662,-0.04592,0.20200,171.73,1,-0.379,-0.00090,-11.851,-0.00000,-17.80,+0.00000,1,+0.04878,-0.05134,0.08132,-0.167,0,33.3,33.3
3.6196,0,0,0.2750,1,+0.00543,-0.04801,0.20979,171.36,1,-0.311,-0.00063,-11.972,-0.00000,-17.80,+0.00000,1,+0.04946,-0.05271,0.08170,-0.158,0,33.3,33.3
3.6612,0,0,0.2750,1,+0.00060,-0.10567,0.23662,160.98,1,-0.034,+0.00060,-12.097,-0.00000,-17.80,+0.00000,1,+0.05017,-0.05545,0.08149,-0.161,0,33.3,33.3
3.6991,0,0,0.2750,1,-0.00374,-0.09884,0.27080,162.21,1,+0.214,+0.00168,-12.197,-0.00000,-17.80,+0.00000,1,+0.04822,-0.05899,0.04703,-0.163,0,33.3,33.3
3.7373,0,0,0.2750,1,-0.00374,-0.09884,0.27080,162.21,1,+0.214,+0.00159,-12.275,+0.00000,-17.80,+0.00000,1,+0.04822,-0.05899,0.04703,-0.156,0,33.3,33.3
3.7750,0,0,0.2750,1,-0.00917,-0.11263,0.29308,159.73,1,+0.526,+0.00266,-12.420,+0.00000,-17.80,+0.00000,1,+0.04777,-0.06584,0.02700,-0.100,0,33.3,33.3
3.8196,0,0,0.2750,1,-0.01237,-0.12020,0.30302,158.36,1,+0.708,+0.00321,-12.541,+0.00000,-17.80,+0.00000,1,+0.04711,-0.06951,0.02612,-0.043,0,33.3,33.3
3.8632,0,0,0.2750,1,-0.01412,-0.12448,0.31427,157.59,1,+0.809,+0.00332,-12.661,+0.00000,-17.80,+0.00000,1,+0.05086,-0.07797,0.02600,+0.020,0,33.3,33.3
3.9117,0,0,0.2750,1,-0.01926,-0.13112,0.33993,156.40,1,+1.104,+0.00416,-12.805,+0.00000,-17.80,+0.00000,0,+0.00000,+0.00000,0.02579,+0.115,0,33.3,33.3
3.9597,0,0,0.2750,1,-0.02548,-0.14380,0.36906,154.12,1,+1.460,+0.00532,-12.940,+0.00000,-17.80,+0.00000,0,+0.00000,+0.00000,0.04278,+0.206,0,33.3,33.3
4.0088,0,0,0.2750,1,-0.02548,-0.14380,0.36906,154.12,1,+1.460,+0.00486,-13.082,+0.00000,-17.80,+0.00000,0,+0.00000,+0.00000,0.04278,+0.301,0,33.3,33.3
4.0555,0,0,0.2750,1,-0.03624,-0.16178,0.40964,150.88,1,+2.077,+0.00695,-13.227,+0.00000,-17.80,+0.00000,0,+0.00000,+0.00000,0.05293,+0.426,0,25.0,25.0
4.1154,1,0,0.2750,1,-0.04156,-0.17091,0.42839,149.24,1,+2.381,+0.00775,-13.391,+0.00000,-17.80,+0.00000,0,+0.00000,+0.00000,0.04138,+0.553,0,25.0,25.0
4.1761,1,0,0.2750,1,-0.06085,-0.20194,0.50942,143.65,1,+3.487,+0.01171,-13.552,+0.00000,-17.80,+0.00000,0,+0.00000,+0.00000,0.00564,+0.726,0,25.0,25.0
4.2520,1,0,0.2750,1,-0.06946,-0.21516,0.54727,141.27,1,+3.980,+0.01288,-13.718,+0.00000,-17.80,+0.00000,0,+0.00000,+0.00000,0.00436,+0.944,0,25.0,25.0
4.3314,1,0,0.2750,0,+0.00000,+0.00000,0.00000,0.00,0,+0.000,+0.00000,-13.918,+0.00000,-17.80,+0.00000,0,+0.00000,+0.00000,0.00496,+1.326,0,25.0,25.0
4.3770,1,0,0.2750,0,+0.00000,+0.00000,0.00000,0.00,0,+0.000,+0.00000,-14.019,+0.00000,-17.80,+0.00000,0,+0.00000,+0.00000,0.00399,+1.522,0,25.0,25.0
4.4290,1,0,0.2750,0,+0.00000,+0.00000,0.00000,0.00,0,+0.000,+0.00000,-14.173,-0.00000,-17.80,+0.00000,1,-0.02434,+0.00000,0.00344,+1.500,0,25.0,25.0
4.4942,1,0,0.2750,0,+0.00000,+0.00000,0.00000,0.00,0,+0.000,+0.00000,-14.308,+0.00000,-17.80,+0.00000,1,-0.02507,+0.00000,0.00809,+1.287,0,25.0,25.0
4.5576,1,0,0.2750,0,+0.00000,+0.00000,0.00000,0.00,0,+0.000,+0.00000,-14.401,+0.00000,-17.80,+0.00000,1,-0.09684,+0.00000,0.01750,+1.143,0,25.0,25.0
4.6056,1,0,0.2750,1,+0.68115,+0.00326,0.38662,180.59,1,-10.000,-0.04811,-14.522,+0.00000,-17.80,+0.00000,1,-0.10878,+0.00000,0.02059,+1.025,0,25.0,25.0
4.6907,1,0,0.2750,1,+0.05145,+0.44954,0.09213,260.92,0,+0.000,+0.00000,-14.677,+0.00000,-17.80,+0.00000,1,-0.09939,+0.00000,0.02224,+0.830,0,25.0,25.0
4.7181,1,0,0.2750,1,+0.05044,+0.44847,0.09412,260.72,0,+0.000,+0.00000,-14.726,-0.00000,-17.80,+0.00000,1,-0.09575,+0.00000,0.01954,+0.179,0,25.0,25.0
4.7446,1,0,0.2750,1,+0.05588,+0.45193,0.08802,261.35,0,+0.000,+0.00000,-14.762,-0.00000,-17.80,+0.00000,1,-0.08863,+0.00000,0.01757,-0.438,0,25.0,25.0
4.7689,1,1,0.2750,1,+0.06154,+0.44192,0.08958,259.55,0,+0.000,+0.00000,-14.790,+0.00000,-17.80,+0.00000,1,-0.06853,+0.00000,0.01560,-0.400,0,25.0,25.0
4.7949,1,1,0.2750,1,+0.04917,+0.45993,0.09782,262.79,0,+0.000,+0.00000,-14.843,+0.00000,-17.80,+0.00000,1,-0.02909,+0.00000,0.01444,-0.243,0,25.0,25.0
4.8198,1,1,0.2750,1,+0.04917,+0.45993,0.09782,262.79,0,+0.000,+0.00000,-14.906,+0.00000,-17.80,+0.00000,1,-0.02909,+0.00000,0.01444,-0.198,0,25.0,25.0
4.8451,1,1,0.2750,1,+0.04690,+0.46912,0.09954,264.44,0,+0.000,+0.00000,-14.972,+0.00000,-17.80,+0.00000,1,-0.03359,+0.00000,0.01290,-0.192,0,25.0,25.0
4.8725,1,1,0.2750,1,+0.04617,+0.47704,0.10138,265.87,1,-2.645,-0.01080,-15.015,-0.00000,-17.80,+0.00000,1,+0.05477,+0.00000,0.01287,-0.172,0,25.0,25.0
4.8963,1,1,0.2750,1,+0.04684,+0.48420,0.10334,267.16,1,-2.684,-0.01108,-15.071,-0.00000,-17.80,+0.00000,1,+0.05242,+0.00000,0.01592,-0.147,0,25.0,25.0
4.9224,1,1,0.2750,1,+0.04684,+0.48420,0.10334,267.16,1,-2.684,-0.01051,-15.117,+0.00000,-17.80,+0.00000,1,+0.05242,+0.00000,0.01592,-0.189,0,25.0,25.0
4.9494,1,1,0.2750,1,+0.04782,+0.49223,0.10438,268.60,1,-2.740,-0.00991,-15.158,+0.00000,-17.80,+0.00000,1,+0.04401,+0.00000,0.00774,-0.338,0,25.0,25.0
4.9741,1,1,0.2750,1,+0.04991,+0.49760,0.10497,269.57,1,-2.860,-0.00977,-15.204,+0.00000,-17.80,+0.00000,1,+0.03808,+0.00000,0.00645,-0.502,0,25.0,25.0
5.0009,1,1,0.2750,1,+0.04899,+0.50668,0.10816,271.20,1,-2.807,-0.00905,-15.242,-0.00000,-17.80,+0.00000,1,+0.03361,+0.00000,0.00688,-0.630,0,25.0,25.0
5.0233,1,1,0.2750,1,+0.04899,+0.50668,0.10816,271.20,1,-2.807,-0.00864,-15.278,+0.00000,-17.80,+0.00000,1,+0.03361,+0.00000,0.00688,-0.726,0,25.0,25.0
5.0526,1,1,0.2750,1,+0.04998,+0.51228,0.10971,272.21,1,-2.864,-0.00846,-15.321,-0.00000,-17.80,+0.00000,1,+0.02837,+0.00000,0.00729,-0.826,0,25.0,25.0
5.0777,1,1,0.2750,1,+0.04982,+0.52005,0.11235,273.61,1,-2.854,-0.00811,-15.363,-0.00000,-17.80,+0.00000,1,+0.02448,+0.00000,0.00681,-0.903,0,24.5,24.5
5.1021,1,1,0.2750,1,+0.04789,+0.52990,0.11304,275.38,1,-2.744,-0.00729,-15.389,-0.00000,-17.80,+0.00000,1,+0.02420,+0.00000,0.00594,-0.983,0,24.5,24.5
5.1263,1,1,0.2750,1,+0.04789,+0.52990,0.11304,275.38,1,-2.744,-0.00707,-15.431,-0.00000,-17.80,+0.00000,1,+0.02420,+0.00000,0.00594,-1.035,0,24.5,24.5
5.1547,1,1,0.2750,1,+0.04944,+0.53441,0.11426,276.19,1,-2.833,-0.00731,-15.478,-0.00000,-17.80,+0.00000,1,+0.01881,+0.00000,0.00520,-1.075,0,24.5,24.5
5.1840,1,1,0.2750,1,+0.04630,+0.54323,0.11902,277.78,1,-2.653,-0.00639,-15.514,-0.00000,-17.80,+0.00000,0,+0.00000,+0.00000,0.00413,-1.111,0,24.5,24.5
5.2114,1,1,0.2750,1,+0.04651,+0.55258,0.11902,279.46,1,-2.665,-0.00625,-15.563,-0.00000,-17.80,+0.00000,0,+0.00000,+0.00000,0.00306,-1.154,0,24.5,24.5
5.2384,1,1,0.2750,1,+0.04767,+0.56311,0.12108,281.36,1,-2.731,-0.00640,-15.595,-0.00000,-17.80,+0.00000,0,+0.00000,+0.00000,0.00283,-1.191,0,24.5,24.5
5.2641,1,1,0.2750,1,+0.04845,+0.56955,0.12285,282.52,1,-2.776,-0.00650,-15.626,-0.00000,-17.80,+0.00000,0,+0.00000,+0.00000,0.00272,-1.218,0,24.5,24.5
5.2889,1,1,0.2750,1,+0.04845,+0.56955,0.12285,282.52,1,-2.776,-0.00644,-15.657,-0.00000,-17.80,+0.00000,0,+0.00000,+0.00000,0.00272,-1.231,0,24.5,24.5
5.3136,1,1,0.2750,1,+0.04802,+0.57918,0.12323,284.25,1,-2.751,-0.00619,-15.687,-0.00000,-17.80,+0.00000,0,+0.00000,+0.00000,0.00196,-1.260,0,24.5,24.5
5.3391,1,1,0.2750,1,+0.04834,+0.58630,0.12497,285.53,1,-2.770,-0.00617,-15.717,-0.00000,-17.80,+0.00000,0,+0.00000,+0.00000,0.00164,-1.286,0,24.5,24.5
5.3667,1,1,0.2750,1,+0.04775,+0.59780,0.12802,287.60,1,-2.736,-0.00602,-15.759,-0.00000,-17.80,+0.00000,0,+0.00000,+0.00000,0.00135,-1.288,0,24.5,24.5
5.3937,1,1,0.2750,1,+0.04775,+0.59780,0.12802,287.60,1,-2.736,-0.00600,-15.792,+0.00000,-17.80,+0.00000,0,+0.00000,+0.00000,0.00135,-1.294,0,24.5,24.5
5.4235,1,1,0.2750,1,+0.04817,+0.60636,0.12910,289.14,1,-2.760,-0.00610,-15.825,-0.00000,-17.80,+0.00000,0,+0.00000,+0.00000,0.00129,-1.296,0,24.5,24.5
5.4508,1,1,0.2750,1,+0.04746,+0.61758,0.13170,291.16,1,-2.720,-0.00591,-15.867,-0.00000,-17.80,+0.00000,0,+0.00000,+0.00000,0.00125,-1.299,0,24.5,24.5
5.4755,1,1,0.2750,1,+0.04761,+0.62932,0.13229,293.28,1,-2.728,-0.00590,-15.887,+0.00000,-17.80,+0.00000,0,+0.00000,+0.00000,0.00120,-1.308,0,24.5,24.5
5.5005,1,1,0.2750,1,+0.04792,+0.63883,0.13563,294.99,1,-2.746,-0.00593,-15.919,+0.00000,-17.80,+0.00000,0,+0.00000,+0.00000,0.00113,-1.321,0,24.5,24.5
5.5297,1,1,0.2750,1,+0.04788,+0.65263,0.13856,297.47,1,-2.743,-0.00593,-15.957,+0.00000,-17.80,+0.00000,0,+0.00000,+0.00000,0.00115,-1.320,0,24.5,24.5
5.5581,1,1,0.2750,1,+0.04788,+0.65263,0.13856,297.47,1,-2.743,-0.00596,-15.990,+0.00000,-17.80,+0.00000,0,+0.00000,+0.00000,0.00115,-1.312,0,24.5,24.5
5.5877,1,1,0.2750,1,+0.04718,+0.66313,0.14033,299.36,1,-2.703,-0.00575,-16.015,+0.00000,-17.80,+0.00000,0,+0.00000,+0.00000,0.00110,-1.320,0,24.5,24.5
5.6160,1,1,0.2750,1,+0.04736,+0.67540,0.14316,301.57,1,-2.713,-0.00576,-16.052,+0.00000,-17.80,+0.00000,0,+0.00000,+0.00000,0.00109,-1.329,0,24.5,24.5
5.6438,1,1,0.2750,1,+0.04792,+0.68864,0.14455,303.96,1,-2.746,-0.00594,-16.081,+0.00000,-17.80,+0.00000,0,+0.00000,+0.00000,0.00131,-1.320,0,24.5,24.5
5.6731,1,1,0.2750,1,+0.04930,+0.70492,0.14625,306.89,1,-2.824,-0.00625,-16.108,+0.00000,-17.80,+0.00000,0,+0.00000,+0.00000,0.00136,-1.329,0,24.5,24.5
5.7022,1,1,0.2750,1,+0.04906,+0.72092,0.14709,309.77,1,-2.811,-0.00616,-16.137,-0.00000,-17.80,+0.00000,0,+0.00000,+0.00000,0.00161,-1.335,0,24.5,24.5
5.7328,1,1,0.2750,1,+0.04918,+0.73401,0.14959,312.12,1,-2.818,-0.00627,-16.174,-0.00000,-17.80,+0.00000,0,+0.00000,+0.00000,0.00182,-1.313,0,24.5,24.5
5.7615,1,1,0.2750,1,+0.04918,+0.73401,0.14959,312.12,1,-2.818,-0.00629,-16.206,-0.00000,-17.80,+0.00000,0,+0.00000,+0.00000,0.00182,-1.308,0,24.5,24.5
5.8168,1,1,0.2750,1,+0.04888,+0.77116,0.15031,318.81,1,-2.801,-0.00622,-16.261,-0.00000,-17.80,+0.00000,0,+0.00000,+0.00000,0.00200,-1.305,0,24.5,24.5
5.8521,1,1,0.2750,1,+0.04912,+0.78278,0.15062,320.90,1,-2.815,-0.00619,-16.290,-0.00000,-17.80,+0.00000,0,+0.00000,+0.00000,0.00230,-1.327,0,24.5,24.5
5.8983,1,1,0.2750,1,+0.05055,+0.79673,0.14730,323.41,1,-2.896,-0.00649,-16.333,-0.00000,-17.80,+0.00000,0,+0.00000,+0.00000,0.00289,-1.341,0,24.5,24.5
5.9267,1,1,0.2750,1,+0.05055,+0.79673,0.14730,323.41,1,-2.896,-0.00645,-16.356,-0.00000,-17.80,+0.00000,0,+0.00000,+0.00000,0.00289,-1.350,0,24.5,24.5
5.9534,1,1,0.2750,1,+0.04933,+0.79994,0.14551,323.99,1,-2.826,-0.00616,-16.381,-0.00000,-17.80,+0.00000,0,+0.00000,+0.00000,0.00315,-1.344,0,24.5,24.5
5.9828,1,1,0.2750,1,+0.04550,+0.80054,0.14412,324.10,1,-2.607,-0.00510,-16.402,-0.00000,-17.80,+0.00000,0,+0.00000,+0.00000,0.00317,-1.366,0,24.5,24.5
6.0094,1,1,0.2750,1,+0.04449,+0.80729,0.14207,325.31,1,-2.549,-0.00485,-16.425,-0.00000,-17.80,+0.00000,0,+0.00000,+0.00000,0.00313,-1.369,0,24.5,24.5
6.0386,1,1,0.2750,1,+0.04191,+0.81802,0.14087,327.24,1,-2.401,-0.00428,-16.451,+0.00000,-17.80,+0.00000,0,+0.00000,+0.00000,0.00265,-1.364,0,24.5,24.5
6.0677,1,1,0.2750,1,+0.04070,+0.82674,0.14000,328.81,1,-2.332,-0.00438,-16.487,+0.00000,-17.80,+0.00000,0,+0.00000,+0.00000,0.00252,-1.275,0,24.5,24.5
6.0962,1,1,0.2750,1,+0.03968,+0.84506,0.13563,332.11,1,-2.274,-0.00427,-16.512,-0.00000,-17.80,+0.00000,0,+0.00000,+0.00000,0.00212,-1.248,0,34.4,34.4
6.1247,1,1,0.2750,1,+0.03510,+0.85864,0.13426,334.55,1,-2.011,-0.00331,-16.536,+0.00000,-17.80,+0.00000,0,+0.00000,+0.00000,0.00174,-1.205,0,34.4,34.4
6.1532,1,1,0.2750,1,+0.03510,+0.85864,0.13426,334.55,1,-2.011,-0.00343,-16.556,+0.00000,-17.80,+0.00000,0,+0.00000,+0.00000,0.00174,-1.176,0,34.4,34.4
6.1811,1,1,0.2750,1,+0.03141,+0.87082,0.13100,336.75,1,-1.800,-0.00271,-16.577,-0.00000,-17.80,+0.00000,0,+0.00000,+0.00000,0.00139,-1.140,0,34.4,34.4
6.2092,1,1,0.2750,1,+0.02999,+0.88696,0.12934,339.65,1,-1.718,-0.00272,-16.607,-0.00000,-17.80,+0.00000,0,+0.00000,+0.00000,0.00077,-1.058,0,34.4,34.4
6.2348,1,1,0.2750,1,+0.02753,+0.90026,0.12693,342.05,1,-1.577,-0.00233,-16.627,-0.00000,-17.80,+0.00000,0,+0.00000,+0.00000,0.00044,-1.009,0,34.4,34.4
6.2653,1,1,0.2750,1,+0.05754,+0.94411,0.10092,349.94,1,-3.297,-0.01005,-16.646,+0.00000,-17.80,+0.00000,0,+0.00000,+0.00000,0.00028,-0.964,0,34.4,34.4
6.2918,1,1,0.2750,1,+0.05754,+0.94411,0.10092,349.94,1,-3.297,-0.01028,-16.666,+0.00000,-17.80,+0.00000,0,+0.00000,+0.00000,0.00028,-0.911,0,34.4,34.4
6.3193,1,1,0.2750,1,+0.06054,+0.95990,0.08425,352.78,0,+0.000,+0.00000,-16.685,-0.00000,-17.80,+0.00000,0,+0.00000,+0.00000,0.00041,-0.910,0,34.4,34.4
6.3462,1,1,0.2750,1,+0.08836,+0.97350,0.05800,355.23,0,+0.000,+0.00000,-16.709,+0.00000,-17.80,+0.00000,0,+0.00000,+0.00000,0.00081,-1.028,0,34.4,34.4
6.3708,1,1,0.2750,1,-0.08885,+0.80948,0.05611,325.71,0,+0.000,+0.00000,-16.725,+0.00000,-17.80,+0.00000,0,+0.00000,+0.00000,0.00084,-1.041,0,34.4,34.4
6.3949,1,1,0.2750,1,-0.09040,+0.81970,0.05827,327.55,0,+0.000,+0.00000,-16.735,+0.00000,-17.80,+0.00000,0,+0.00000,+0.00000,0.00061,-0.979,0,34.4,34.4
6.4207,1,1,0.2750,1,-0.09040,+0.81970,0.05827,327.55,0,+0.000,+0.00000,-16.754,-0.00000,-17.80,+0.00000,0,+0.00000,+0.00000,0.00061,-0.860,0,34.4,34.4
6.4470,1,1,0.2750,1,-0.09330,+0.82793,0.05853,329.03,0,+0.000,+0.00000,-16.769,-0.00000,-17.80,+0.00000,0,+0.00000,+0.00000,0.00039,-0.780,0,34.4,34.4
6.4735,1,1,0.2750,1,-0.09450,+0.83488,0.05774,330.28,0,+0.000,+0.00000,-16.791,-0.00000,-17.80,+0.00000,0,+0.00000,+0.00000,0.00031,-0.681,0,34.4,34.4
6.4991,1,1,0.2750,1,-0.09614,+0.84232,0.05958,331.62,0,+0.000,+0.00000,-16.805,-0.00000,-17.80,+0.00000,0,+0.00000,+0.00000,0.00030,-0.611,0,34.4,34.4
6.5496,1,1,0.2750,1,-0.09868,+0.85000,0.05932,333.00,0,+0.000,+0.00000,-16.837,-0.00000,-17.80,+0.00000,0,+0.00000,+0.00000,0.00031,-0.462,0,34.4,34.4
6.5780,1,1,0.2750,1,-0.10022,+0.86082,0.05984,334.95,0,+0.000,+0.00000,-16.858,-0.00000,-17.80,+0.00000,0,+0.00000,+0.00000,0.00025,-0.369,0,34.4,34.4
6.6061,1,1,0.2750,1,-0.10279,+0.86768,0.06111,336.18,0,+0.000,+0.00000,-16.873,-0.00000,-17.80,+0.00000,0,+0.00000,+0.00000,0.00028,-0.306,0,34.4,34.4
6.6321,1,1,0.2750,1,-0.10464,+0.87546,0.06086,337.58,0,+0.000,+0.00000,-16.886,-0.00000,-17.80,+0.00000,0,+0.00000,+0.00000,0.00026,-0.256,0,34.4,34.4
6.6579,1,1,0.2750,1,-0.10464,+0.87546,0.06086,337.58,0,+0.000,+0.00000,-16.901,-0.00000,-17.80,+0.00000,0,+0.00000,+0.00000,0.00026,-0.192,0,34.4,34.4
6.6854,1,1,0.2750,1,-0.10763,+0.88625,0.06136,339.52,0,+0.000,+0.00000,-16.917,-0.00000,-17.80,+0.00000,0,+0.00000,+0.00000,0.00023,-0.123,0,34.4,34.4
6.7134,1,1,0.2750,1,-0.10950,+0.89564,0.06211,341.22,0,+0.000,+0.00000,-16.932,-0.00000,-17.80,+0.00000,0,+0.00000,+0.00000,0.00026,-0.063,0,34.4,34.4
6.7384,1,1,0.2750,1,-0.11146,+0.90608,0.06236,343.10,0,+0.000,+0.00000,-16.946,-0.00000,-17.80,+0.00000,0,+0.00000,+0.00000,0.00020,-0.012,0,34.4,34.4
6.7615,1,1,0.2750,1,-0.11146,+0.90608,0.06236,343.10,0,+0.000,+0.00000,-16.960,-0.00000,-17.80,+0.00000,0,+0.00000,+0.00000,0.00020,+0.040,0,34.4,34.4
6.7871,1,1,0.2750,1,-0.11450,+0.91280,0.06211,344.30,0,+0.000,+0.00000,-16.973,-0.00000,-17.80,+0.00000,0,+0.00000,+0.00000,0.00030,+0.087,0,34.4,34.4
6.8132,1,1,0.2750,1,-0.11598,+0.91787,0.05958,345.22,0,+0.000,+0.00000,-16.985,-0.00000,-17.80,+0.00000,0,+0.00000,+0.00000,0.00036,+0.130,0,34.4,34.4
6.8369,1,1,0.2750,1,-0.11843,+0.91983,0.05984,345.57,0,+0.000,+0.00000,-17.001,-0.00000,-17.80,+0.00000,0,+0.00000,+0.00000,0.00052,+0.196,0,34.4,34.4
6.8629,1,1,0.2750,1,-0.12140,+0.92144,0.05528,345.86,0,+0.000,+0.00000,-17.012,-0.00000,-17.80,+0.00000,0,+0.00000,+0.00000,0.00057,+0.231,0,34.4,34.4
6.8913,1,1,0.2750,1,-0.12474,+0.92526,0.05415,346.55,0,+0.000,+0.00000,-17.029,-0.00000,-17.80,+0.00000,0,+0.00000,+0.00000,0.00061,+0.308,0,34.4,34.4
6.9168,1,1,0.2750,1,-0.12474,+0.92526,0.05415,346.55,0,+0.000,+0.00000,-17.040,-0.00000,-17.80,+0.00000,0,+0.00000,+0.00000,0.00061,+0.342,0,34.4,34.4
6.9429,1,1,0.2750,1,-0.12798,+0.93114,0.05152,347.60,0,+0.000,+0.00000,-17.051,-0.00000,-17.80,+0.00000,0,+0.00000,+0.00000,0.00064,+0.369,0,34.4,34.4
6.9667,1,1,0.2750,1,-0.13177,+0.93730,0.05092,348.71,0,+0.000,+0.00000,-17.062,-0.00000,-17.80,+0.00000,0,+0.00000,+0.00000,0.00067,+0.403,0,34.4,34.4
6.9936,1,1,0.2750,1,-0.13333,+0.94148,0.04811,349.47,0,+0.000,+0.00000,-17.072,-0.00000,-17.80,+0.00000,0,+0.00000,+0.00000,0.00061,+0.426,0,34.4,34.4
7.0176,1,1,0.2750,1,-0.13333,+0.94148,0.04811,349.47,0,+0.000,+0.00000,-17.084,-0.00000,-17.80,+0.00000,0,+0.00000,+0.00000,0.00061,+0.466,0,34.4,34.4
7.0417,1,1,0.2750,1,-0.13850,+0.94919,0.04811,350.85,0,+0.000,+0.00000,-17.097,-0.00000,-17.80,+0.00000,0,+0.00000,+0.00000,0.00063,+0.522,0,34.4,34.4
7.0677,1,1,0.2750,1,-0.13996,+0.95455,0.04513,351.82,0,+0.000,+0.00000,-17.109,-0.00000,-17.80,+0.00000,0,+0.00000,+0.00000,0.00062,+0.563,0,34.4,34.4
7.0932,1,1,0.2750,1,-0.14447,+0.96357,0.04339,353.44,0,+0.000,+0.00000,-17.118,-0.00000,-17.80,+0.00000,0,+0.00000,+0.00000,0.00061,+0.607,0,34.4,34.4
7.1200,1,1,0.2750,1,-0.14447,+0.96357,0.04339,353.44,0,+0.000,+0.00000,-17.133,-0.00000,-17.80,+0.00000,0,+0.00000,+0.00000,0.00061,+0.658,0,37.1,37.1
7.1441,1,1,0.2750,1,-0.14698,+0.97107,0.04231,354.79,0,+0.000,+0.00000,-17.141,-0.00000,-17.80,+0.00000,0,+0.00000,+0.00000,0.00052,+0.686,0,37.1,37.1
7.1704,1,1,0.2750,1,-0.14840,+0.97700,0.03643,355.86,0,+0.000,+0.00000,-17.151,+0.00000,-17.80,+0.00000,0,+0.00000,+0.00000,0.00055,+0.712,0,37.1,37.1
7.1945,1,1,0.2750,1,-0.14840,+0.97700,0.03643,355.86,0,+0.000,+0.00000,-17.162,-0.00000,-17.80,+0.00000,0,+0.00000,+0.00000,0.00055,+0.758,0,37.1,37.1
7.2190,1,1,0.2750,1,-0.14763,+0.98238,0.02992,356.83,0,+0.000,+0.00000,-17.172,+0.00000,-17.80,+0.00000,0,+0.00000,+0.00000,0.00056,+0.790,0,37.1,37.1
7.2431,1,1,0.2750,1,+0.02379,+0.78853,0.03093,321.94,0,+0.000,+0.00000,-17.183,+0.00000,-17.80,+0.00000,0,+0.00000,+0.00000,0.00065,+0.826,0,37.1,37.1
7.2668,1,1,0.2750,1,+0.02386,+0.79091,0.03191,322.36,0,+0.000,+0.00000,-17.192,-0.00000,-17.80,+0.00000,0,+0.00000,+0.00000,0.00066,+0.849,0,37.1,37.1
7.2934,1,1,0.2750,1,+0.02218,+0.79247,0.03093,322.65,0,+0.000,+0.00000,-17.202,+0.00000,-17.80,+0.00000,0,+0.00000,+0.00000,0.00074,+0.884,0,37.1,37.1
7.3164,1,1,0.2750,1,+0.02218,+0.79247,0.03093,322.65,0,+0.000,+0.00000,-17.212,+0.00000,-17.80,+0.00000,0,+0.00000,+0.00000,0.00074,+0.923,0,37.1,37.1
7.3410,1,1,0.2750,1,+0.01949,+0.79608,0.03239,323.29,0,+0.000,+0.00000,-17.219,-0.00000,-17.80,+0.00000,0,+0.00000,+0.00000,0.00067,+0.953,0,37.1,37.1
7.3663,1,1,0.2750,1,+0.01964,+0.80063,0.03287,324.11,0,+0.000,+0.00000,-17.238,-0.00000,-17.80,+0.00000,0,+0.00000,+0.00000,0.00064,+1.072,0,37.1,37.1
7.3921,1,1,0.2750,1,+0.01841,+0.80871,0.03379,325.57,0,+0.000,+0.00000,-17.249,-0.00000,-17.80,+0.00000,0,+0.00000,+0.00000,0.00066,+1.121,0,37.1,37.1
7.4135,1,1,0.2750,1,+0.01841,+0.80871,0.03379,325.57,0,+0.000,+0.00000,-17.256,-0.00000,-17.80,+0.00000,0,+0.00000,+0.00000,0.00066,+1.155,0,37.1,37.1
7.4358,1,1,0.2750,1,+0.01892,+0.81231,0.03379,326.22,0,+0.000,+0.00000,-17.261,-0.00000,-17.80,+0.00000,0,+0.00000,+0.00000,0.00061,+1.148,0,37.1,37.1
7.4609,1,1,0.2750,1,+0.01892,+0.81231,0.03379,326.22,0,+0.000,+0.00000,-17.270,+0.00000,-17.80,+0.00000,0,+0.00000,+0.00000,0.00061,+1.179,0,37.1,37.1
7.4842,1,1,0.2750,1,+0.01777,+0.81840,0.03143,327.31,0,+0.000,+0.00000,-17.278,+0.00000,-17.80,+0.00000,0,+0.00000,+0.00000,0.00060,+1.203,0,37.1,37.1
7.5096,1,1,0.2750,1,+0.01571,+0.82222,0.03287,328.00,0,+0.000,+0.00000,-17.287,-0.00000,-17.80,+0.00000,0,+0.00000,+0.00000,0.00057,+1.240,0,37.1,37.1
7.5352,1,1,0.2750,1,+0.01360,+0.82549,0.03239,328.59,0,+0.000,+0.00000,-17.295,-0.00000,-17.80,+0.00000,0,+0.00000,+0.00000,0.00058,+1.269,0,37.1,37.1
7.5592,1,1,0.2750,1,+0.01360,+0.82549,0.03239,328.59,0,+0.000,+0.00000,-17.303,-0.00000,-17.80,+0.00000,0,+0.00000,+0.00000,0.00058,+1.288,0,37.1,37.1
7.5844,1,1,0.2750,1,+0.01250,+0.83187,0.03425,329.74,0,+0.000,+0.00000,-17.309,-0.00000,-17.80,+0.00000,0,+0.00000,+0.00000,0.00053,+1.322,0,37.1,37.1
7.6088,1,1,0.2750,1,+0.01201,+0.83421,0.03425,330.16,0,+0.000,+0.00000,-17.317,-0.00000,-17.80,+0.00000,0,+0.00000,+0.00000,0.00050,+1.344,0,37.1,37.1
7.6321,1,1,0.2750,1,+0.01199,+0.84204,0.03379,331.57,0,+0.000,+0.00000,-17.332,+0.00000,-17.80,+0.00000,0,+0.00000,+0.00000,0.00045,+1.454,0,37.1,37.1
7.6572,1,1,0.2750,1,+0.01199,+0.84204,0.03379,331.57,0,+0.000,+0.00000,-17.340,+0.00000,-17.80,+0.00000,0,+0.00000,+0.00000,0.00045,+1.487,0,37.1,37.1
7.6814,1,1,0.2750,1,+0.00963,+0.84565,0.03379,332.22,0,+0.000,+0.00000,-17.344,-0.00000,-17.80,+0.00000,0,+0.00000,+0.00000,0.00040,+1.496,0,37.1,37.1
7.7069,1,1,0.2750,1,+0.00811,+0.85195,0.03379,333.35,0,+0.000,+0.00000,-17.344,-0.00000,-17.80,+0.00000,0,+0.00000,+0.00000,0.00035,+1.446,0,37.1,37.1
7.7316,1,1,0.2750,1,+0.00609,+0.85670,0.03469,334.21,0,+0.000,+0.00000,-17.351,+0.00000,-17.80,+0.00000,0,+0.00000,+0.00000,0.00025,+1.471,0,37.1,37.1
7.7562,1,1,0.2750,1,+0.00609,+0.85670,0.03469,334.21,0,+0.000,+0.00000,-17.359,+0.00000,-17.80,+0.00000,0,+0.00000,+0.00000,0.00025,+1.507,0,37.1,37.1
7.7841,1,1,0.2750,1,+0.00691,+0.86170,0.03425,335.11,0,+0.000,+0.00000,-17.369,+0.00000,-17.80,+0.00000,0,+0.00000,+0.00000,0.00020,+1.547,0,37.1,37.1
7.8096,1,1,0.2750,1,+0.00563,+0.86583,0.03514,335.85,0,+0.000,+0.00000,-17.373,+0.00000,-17.80,+0.00000,0,+0.00000,+0.00000,0.00018,+1.562,0,37.1,37.1
7.8368,1,1,0.2750,1,+0.00313,+0.87222,0.03425,337.00,0,+0.000,+0.00000,-17.382,+0.00000,-17.80,+0.00000,0,+0.00000,+0.00000,0.00009,+1.600,0,37.1,37.1
7.8634,1,1,0.2750,1,+0.00181,+0.87807,0.03425,338.05,0,+0.000,+0.00000,-17.388,+0.00000,-17.80,+0.00000,0,+0.00000,+0.00000,0.00005,+1.618,0,37.1,37.1
7.8903,1,1,0.2750,1,+0.00181,+0.87807,0.03425,338.05,0,+0.000,+0.00000,-17.393,+0.00000,-17.80,+0.00000,0,+0.00000,+0.00000,0.00005,+1.643,0,37.1,37.1
7.9141,1,1,0.2750,1,-0.00033,+0.88304,0.03425,338.95,0,+0.000,+0.00000,-17.400,+0.00000,-17.80,+0.00000,0,+0.00000,+0.00000,0.00002,+1.679,0,37.1,37.1
7.9393,1,1,0.2750,1,-0.00030,+0.88677,0.03600,339.62,0,+0.000,+0.00000,-17.406,+0.00000,-17.80,+0.00000,0,+0.00000,+0.00000,0.00000,+1.706,0,37.1,37.1
7.9654,1,1,0.2750,1,-0.00188,+0.89222,0.03514,340.60,0,+0.000,+0.00000,-17.414,+0.00000,-17.80,+0.00000,0,+0.00000,+0.00000,0.00000,+1.747,0,37.1,37.1
7.9901,1,1,0.2750,1,-0.00188,+0.89222,0.03514,340.60,0,+0.000,+0.00000,-17.418,+0.00000,-17.80,+0.00000,0,+0.00000,+0.00000,0.00000,+1.749,0,37.1,37.1
8.0153,1,1,0.2750,1,-0.00335,+0.89946,0.03557,341.90,0,+0.000,+0.00000,-17.425,-0.00000,-17.80,+0.00000,0,+0.00000,+0.00000,0.00000,+1.791,0,37.1,37.1
8.0396,1,1,0.2750,1,-0.00641,+0.90611,0.03514,343.10,0,+0.000,+0.00000,-17.427,-0.00000,-17.80,+0.00000,0,+0.00000,+0.00000,0.00000,+1.786,0,37.1,37.1
8.0631,1,1,0.2750,1,-0.00640,+0.91005,0.03600,343.81,0,+0.000,+0.00000,-17.433,-0.00000,-17.80,+0.00000,0,+0.00000,+0.00000,0.00000,+1.820,0,37.1,37.1
8.0857,1,1,0.2750,1,-0.00640,+0.91005,0.03600,343.81,0,+0.000,+0.00000,-17.438,-0.00000,-17.80,+0.00000,0,+0.00000,+0.00000,0.00000,+1.833,0,37.1,37.1
8.1108,1,1,0.2750,1,-0.00785,+0.91370,0.03643,344.47,0,+0.000,+0.00000,-17.445,-0.00000,-17.80,+0.00000,0,+0.00000,+0.00000,0.00000,+1.880,0,37.1,37.1
8.1343,1,1,0.2750,1,-0.01037,+0.92298,0.03685,346.14,0,+0.000,+0.00000,-17.449,-0.00000,-17.80,+0.00000,0,+0.00000,+0.00000,0.00000,+1.895,0,40.4,40.4
8.1607,1,1,0.2750,1,-0.01037,+0.92298,0.03685,346.14,0,+0.000,+0.00000,-17.452,-0.00000,-17.80,+0.00000,0,+0.00000,+0.00000,0.00000,+1.894,0,40.4,40.4
8.1865,1,1,0.2750,1,-0.01220,+0.92927,0.03557,347.27,0,+0.000,+0.00000,-17.460,-0.00000,-17.80,+0.00000,0,+0.00000,+0.00000,0.00000,+1.941,0,40.4,40.4
8.2102,1,1,0.2750,1,-0.01280,+0.93201,0.03600,347.76,0,+0.000,+0.00000,-17.465,-0.00000,-17.80,+0.00000,0,+0.00000,+0.00000,0.00000,+1.979,0,40.4,40.4
8.2342,1,1,0.2750,1,-0.01417,+0.93827,0.03727,348.89,0,+0.000,+0.00000,-17.469,-0.00000,-17.80,+0.00000,0,+0.00000,+0.00000,0.00000,+1.995,0,40.4,40.4
8.2609,1,1,0.2750,1,-0.01417,+0.93827,0.03727,348.89,0,+0.000,+0.00000,-17.474,-0.00000,-17.80,+0.00000,0,+0.00000,+0.00000,0.00000,+2.020,0,40.4,40.4
8.2881,1,1,0.2750,1,-0.01708,+0.94716,0.03727,350.49,0,+0.000,+0.00000,-17.479,-0.00000,-17.80,+0.00000,0,+0.00000,+0.00000,0.00000,+2.051,0,40.4,40.4
8.3120,1,1,0.2750,1,-0.01771,+0.95185,0.03600,351.33,0,+0.000,+0.00000,-17.484,-0.00000,-17.80,+0.00000,0,+0.00000,+0.00000,0.00000,+2.077,0,40.4,40.4
8.3382,1,1,0.2750,1,-0.01953,+0.94972,0.03514,350.95,0,+0.000,+0.00000,-17.492,-0.00000,-17.80,+0.00000,0,+0.00000,+0.00000,0.00000,+2.141,0,40.4,40.4
8.3620,2,1,0.2750,1,-0.02118,+0.95494,0.03333,351.89,0,+0.000,+0.00000,-17.497,-0.00000,-17.80,+0.00000,0,+0.00000,+0.00000,0.00000,+2.163,0,40.4,40.4
8.3897,2,1,0.2750,1,-0.02118,+0.95494,0.03333,351.89,0,+0.000,+0.00000,-17.503,-0.00000,-17.80,+0.00000,0,+0.00000,+0.00000,0.00000,+2.207,0,40.4,40.4
8.4138,2,1,0.2750,1,-0.02480,+0.95448,0.03093,351.81,0,+0.000,+0.00000,-17.508,-0.00000,-17.80,+0.00000,0,+0.00000,+0.00000,0.00000,+2.241,0,40.4,40.4
8.4380,2,1,0.2750,1,-0.02612,+0.95595,0.02940,352.07,0,+0.000,+0.00000,-17.514,-0.00000,-17.80,+0.00000,0,+0.00000,+0.00000,0.00000,+2.286,0,40.4,40.4
8.4624,2,1,0.2750,1,-0.02612,+0.95595,0.02940,352.07,0,+0.000,+0.00000,-17.519,-0.00000,-17.80,+0.00000,0,+0.00000,+0.00000,0.00000,+2.313,0,40.4,40.4
8.4874,2,1,0.2750,1,-0.02737,+0.96092,0.02992,352.97,0,+0.000,+0.00000,-17.524,-0.00000,-17.80,+0.00000,0,+0.00000,+0.00000,0.00000,+2.354,0,40.4,40.4
8.5120,2,1,0.2750,1,-0.02950,+0.96489,0.02778,353.68,0,+0.000,+0.00000,-17.532,-0.00000,-17.80,+0.00000,0,+0.00000,+0.00000,0.00000,+2.420,0,40.4,40.4
8.5362,2,1,0.2750,1,-0.03409,+0.96818,0.02606,354.27,0,+0.000,+0.00000,-17.538,-0.00000,-17.80,+0.00000,0,+0.00000,+0.00000,0.00000,+2.474,0,40.4,40.4
8.5594,2,1,0.2750,1,-0.03409,+0.96818,0.02606,354.27,0,+0.000,+0.00000,-17.541,-0.00000,-17.80,+0.00000,0,+0.00000,+0.00000,0.00000,+2.492,0,40.4,40.4
8.5862,2,1,0.2750,1,-0.03234,+0.97295,0.02664,355.13,0,+0.000,+0.00000,-17.546,-0.00000,-17.80,+0.00000,0,+0.00000,+0.00000,0.00000,+2.529,0,40.4,40.4
8.6107,2,1,0.2750,1,-0.09014,+0.74872,0.02833,314.77,0,+0.000,+0.00000,-17.548,-0.00000,-17.80,+0.00000,0,+0.00000,+0.00000,0.00000,+2.527,0,40.4,40.4
8.6350,2,1,0.2750,1,-0.03854,+0.98148,0.02357,356.67,0,+0.000,+0.00000,-17.552,-0.00000,-17.80,+0.00000,0,+0.00000,+0.00000,0.00000,+2.549,0,40.4,40.4
8.6603,2,1,0.2750,1,-0.09212,+0.76425,0.02664,317.57,0,+0.000,+0.00000,-17.557,-0.00000,-17.80,+0.00000,0,+0.00000,+0.00000,0.00000,+2.586,0,40.4,40.4
8.6837,2,1,0.2750,1,-0.09212,+0.76425,0.02664,317.57,0,+0.000,+0.00000,-17.561,-0.00000,-17.80,+0.00000,0,+0.00000,+0.00000,0.00000,+2.621,0,40.4,40.4
8.7099,2,1,0.2750,1,-0.09565,+0.75942,0.02664,316.70,0,+0.000,+0.00000,-17.565,-0.00000,-17.80,+0.00000,0,+0.00000,+0.00000,0.00000,+2.644,0,40.4,40.4
8.7351,2,1,0.2750,1,-0.09714,+0.76713,0.02722,318.08,0,+0.000,+0.00000,-17.568,-0.00000,-17.80,+0.00000,0,+0.00000,+0.00000,0.00000,+2.671,0,40.4,40.4
8.7600,2,1,0.2750,1,-0.09714,+0.76713,0.02722,318.08,0,+0.000,+0.00000,-17.571,-0.00000,-17.80,+0.00000,0,+0.00000,+0.00000,0.00000,+2.689,0,40.4,40.4
8.7848,2,1,0.2750,1,-0.09736,+0.77350,0.02833,319.23,0,+0.000,+0.00000,-17.574,-0.00000,-17.80,+0.00000,0,+0.00000,+0.00000,0.00000,+2.711,0,40.4,40.4
8.8090,2,1,0.2750,1,-0.10000,+0.77378,0.02778,319.28,0,+0.000,+0.00000,-17.578,-0.00000,-17.80,+0.00000,0,+0.00000,+0.00000,0.00000,+2.740,0,40.4,40.4
8.8350,2,1,0.2750,1,-0.10300,+0.77822,0.02778,320.08,0,+0.000,+0.00000,-17.583,-0.00000,-17.80,+0.00000,0,+0.00000,+0.00000,0.00000,+2.786,0,40.4,40.4
8.8582,2,1,0.2750,1,-0.10300,+0.77822,0.02778,320.08,0,+0.000,+0.00000,-17.586,-0.00000,-17.80,+0.00000,0,+0.00000,+0.00000,0.00000,+2.802,0,40.4,40.4
8.8843,2,1,0.2750,1,-0.10264,+0.78376,0.02833,321.08,0,+0.000,+0.00000,-17.590,-0.00000,-17.80,+0.00000,0,+0.00000,+0.00000,0.00000,+2.843,0,40.4,40.4
8.9094,2,1,0.2750,1,-0.10325,+0.78578,0.02778,321.44,0,+0.000,+0.00000,-17.594,-0.00000,-17.80,+0.00000,0,+0.00000,+0.00000,0.00000,+2.876,0,40.4,40.4
8.9339,2,1,0.2750,1,-0.10841,+0.79274,0.02833,322.69,0,+0.000,+0.00000,-17.597,-0.00000,-17.80,+0.00000,0,+0.00000,+0.00000,0.00000,+2.890,0,40.4,40.4
8.9591,2,1,0.2750,1,-0.10841,+0.79274,0.02833,322.69,0,+0.000,+0.00000,-17.600,-0.00000,-17.80,+0.00000,0,+0.00000,+0.00000,0.00000,+2.922,0,40.4,40.4
8.9835,2,1,0.2750,1,-0.10986,+0.79402,0.02833,322.92,0,+0.000,+0.00000,-17.604,-0.00000,-17.80,+0.00000,0,+0.00000,+0.00000,0.00000,+2.955,0,40.4,40.4
9.0091,2,1,0.2750,1,-0.10962,+0.80085,0.02833,324.15,0,+0.000,+0.00000,-17.606,-0.00000,-17.80,+0.00000,0,+0.00000,+0.00000,0.00000,+2.972,0,40.4,40.4
9.0332,2,1,0.2750,1,-0.11370,+0.80684,0.02833,325.23,0,+0.000,+0.00000,-17.612,-0.00000,-17.80,+0.00000,0,+0.00000,+0.00000,0.00000,+3.027,0,40.4,40.4
9.0562,2,1,0.2750,1,-0.11759,+0.80741,0.02887,325.33,0,+0.000,+0.00000,-17.616,-0.00000,-17.80,+0.00000,0,+0.00000,+0.00000,0.00000,+3.060,0,40.4,40.4
9.0827,2,1,0.2750,1,-0.11759,+0.80741,0.02887,325.33,0,+0.000,+0.00000,-17.618,-0.00000,-17.80,+0.00000,0,+0.00000,+0.00000,0.00000,+3.083,0,40.4,40.4
9.1058,2,1,0.2750,1,-0.11538,+0.81325,0.02833,326.38,0,+0.000,+0.00000,-17.620,-0.00000,-17.80,+0.00000,0,+0.00000,+0.00000,0.00000,+3.098,0,40.4,40.4
9.1322,2,1,0.2750,1,-0.11875,+0.81667,0.02833,327.00,0,+0.000,+0.00000,-17.626,-0.00000,-17.80,+0.00000,0,+0.00000,+0.00000,0.00000,+3.152,0,40.4,40.4
9.1558,2,1,0.2750,1,-0.11875,+0.81667,0.02833,327.00,0,+0.000,+0.00000,-17.628,-0.00000,-17.80,+0.00000,0,+0.00000,+0.00000,0.00000,+3.167,0,40.1,40.1
9.1795,2,1,0.2750,1,-0.12332,+0.82265,0.02833,328.08,0,+0.000,+0.00000,-17.633,-0.00000,-17.80,+0.00000,0,+0.00000,+0.00000,0.00000,+3.222,0,40.1,40.1
9.2048,2,1,0.2750,1,-0.12043,+0.82735,0.02833,328.92,0,+0.000,+0.00000,-17.637,-0.00000,-17.80,+0.00000,0,+0.00000,+0.00000,0.00000,+3.264,0,40.1,40.1
9.2290,2,1,0.2750,1,-0.12634,+0.82817,0.02940,329.07,0,+0.000,+0.00000,-17.642,-0.00000,-17.80,+0.00000,0,+0.00000,+0.00000,0.00000,+3.316,0,40.1,40.1
9.2542,2,1,0.2750,1,-0.12634,+0.82817,0.02940,329.07,0,+0.000,+0.00000,-17.645,-0.00000,-17.80,+0.00000,0,+0.00000,+0.00000,0.00000,+3.346,0,40.1,40.1
9.2794,2,1,0.2750,1,-0.12861,+0.83761,0.02833,330.77,0,+0.000,+0.00000,-17.649,-0.00000,-17.80,+0.00000,0,+0.00000,+0.00000,0.00000,+3.382,0,40.1,40.1
9.3008,2,1,0.2750,1,-0.12668,+0.83718,0.02833,330.69,0,+0.000,+0.00000,-17.651,-0.00000,-17.80,+0.00000,0,+0.00000,+0.00000,0.00000,+3.400,0,40.1,40.1
9.3242,2,1,0.2750,1,-0.12668,+0.83718,0.02833,330.69,0,+0.000,+0.00000,-17.653,-0.00000,-17.80,+0.00000,0,+0.00000,+0.00000,0.00000,+3.427,0,40.1,40.1
9.3497,2,1,0.2750,1,-0.13125,+0.84194,0.03093,331.55,0,+0.000,+0.00000,-17.656,-0.00000,-17.80,+0.00000,0,+0.00000,+0.00000,0.00000,+3.454,0,40.1,40.1
9.3755,2,1,0.2750,1,-0.13287,+0.85021,0.02887,333.04,0,+0.000,+0.00000,-17.657,-0.00000,-17.80,+0.00000,0,+0.00000,+0.00000,0.00000,+3.466,0,40.1,40.1
9.4000,2,1,0.2750,1,-0.13588,+0.84979,0.02887,332.96,0,+0.000,+0.00000,-17.660,-0.00000,-17.80,+0.00000,0,+0.00000,+0.00000,0.00000,+3.493,0,40.1,40.1
9.4238,2,1,0.2750,1,-0.13588,+0.84979,0.02887,332.96,0,+0.000,+0.00000,-17.663,-0.00000,-17.80,+0.00000,0,+0.00000,+0.00000,0.00000,+3.522,0,40.1,40.1
9.4488,2,1,0.2750,1,-0.13809,+0.85868,0.03143,334.56,0,+0.000,+0.00000,-17.665,-0.00000,-17.80,+0.00000,0,+0.00000,+0.00000,0.00000,+3.544,0,40.1,40.1
9.4753,2,1,0.2750,1,-0.14250,+0.86356,0.02778,335.44,0,+0.000,+0.00000,-17.667,-0.00000,-17.80,+0.00000,0,+0.00000,+0.00000,0.00000,+3.563,0,40.1,40.1
9.4998,2,1,0.2750,1,-0.14173,+0.86416,0.03093,335.55,0,+0.000,+0.00000,-17.671,-0.00000,-17.80,+0.00000,0,+0.00000,+0.00000,0.00000,+3.599,0,40.1,40.1
9.5222,2,1,0.2750,1,-0.14173,+0.86416,0.03093,335.55,0,+0.000,+0.00000,-17.673,-0.00000,-17.80,+0.00000,0,+0.00000,+0.00000,0.00000,+3.628,0,40.1,40.1
9.5464,2,1,0.2750,1,-0.14504,+0.87318,0.02992,337.17,0,+0.000,+0.00000,-17.676,-0.00000,-17.80,+0.00000,0,+0.00000,+0.00000,0.00000,+3.658,0,40.1,40.1
9.5714,2,1,0.2750,1,-0.14815,+0.87613,0.02887,337.70,0,+0.000,+0.00000,-17.679,-0.00000,-17.80,+0.00000,0,+0.00000,+0.00000,0.00000,+3.691,0,40.1,40.1
9.5972,2,1,0.2750,1,-0.14798,+0.87993,0.03093,338.39,0,+0.000,+0.00000,-17.681,-0.00000,-17.80,+0.00000,0,+0.00000,+0.00000,0.00000,+3.705,0,40.1,40.1
9.6214,2,1,0.2750,1,-0.14798,+0.87993,0.03093,338.39,0,+0.000,+0.00000,-17.687,-0.00000,-17.80,+0.00000,0,+0.00000,+0.00000,0.00000,+3.779,0,40.1,40.1
9.6433,2,1,0.2750,1,-0.15280,+0.88851,0.02992,339.93,0,+0.000,+0.00000,-17.688,-0.00000,-17.80,+0.00000,0,+0.00000,+0.00000,0.00000,+3.792,0,40.1,40.1
9.6686,2,1,0.2750,1,-0.15313,+0.88889,0.03043,340.00,0,+0.000,+0.00000,-17.690,-0.00000,-17.80,+0.00000,0,+0.00000,+0.00000,0.00000,+3.808,0,40.1,40.1
9.6937,2,1,0.2750,1,-0.15313,+0.88889,0.03043,340.00,0,+0.000,+0.00000,-17.691,-0.00000,-17.80,+0.00000,0,+0.00000,+0.00000,0.00000,+3.825,0,40.1,40.1
9.7214,2,1,0.2750,1,-0.15871,+0.90000,0.03191,342.00,0,+0.000,+0.00000,-17.694,-0.00000,-17.80,+0.00000,0,+0.00000,+0.00000,0.00000,+3.854,0,40.1,40.1
9.7490,2,1,0.2750,1,-0.15746,+0.90287,0.03093,342.52,0,+0.000,+0.00000,-17.696,-0.00000,-17.80,+0.00000,0,+0.00000,+0.00000,0.00000,+3.879,0,40.1,40.1
9.7736,2,1,0.2750,1,-0.16269,+0.90774,0.03191,343.39,0,+0.000,+0.00000,-17.698,-0.00000,-17.80,+0.00000,0,+0.00000,+0.00000,0.00000,+3.897,0,40.1,40.1
9.7988,2,1,0.2750,1,-0.16287,+0.91438,0.03239,344.59,0,+0.000,+0.00000,-17.700,-0.00000,-17.80,+0.00000,0,+0.00000,+0.00000,0.00000,+3.924,0,40.1,40.1
9.8234,2,1,0.2750,1,-0.16287,+0.91438,0.03239,344.59,0,+0.000,+0.00000,-17.702,-0.00000,-17.80,+0.00000,0,+0.00000,+0.00000,0.00000,+3.951,0,40.1,40.1
9.8468,2,1,0.2750,1,-0.16754,+0.91505,0.03093,344.71,0,+0.000,+0.00000,-17.705,-0.00000,-17.80,+0.00000,0,+0.00000,+0.00000,0.00000,+3.975,0,40.1,40.1
9.8716,2,1,0.2750,1,-0.16923,+0.92308,0.03469,346.15,0,+0.000,+0.00000,-17.706,-0.00000,-17.80,+0.00000,0,+0.00000,+0.00000,0.00000,+3.996,0,40.1,40.1
9.8949,2,1,0.2750,1,-0.16923,+0.92308,0.03469,346.15,0,+0.000,+0.00000,-17.708,-0.00000,-17.80,+0.00000,0,+0.00000,+0.00000,0.00000,+4.019,0,40.1,40.1
9.9181,2,1,0.2750,1,-0.17277,+0.92857,0.02940,347.14,0,+0.000,+0.00000,-17.710,-0.00000,-17.80,+0.00000,0,+0.00000,+0.00000,0.00000,+4.035,0,40.1,40.1
9.9420,2,1,0.2750,1,-0.17500,+0.93158,0.03425,347.68,0,+0.000,+0.00000,-17.712,-0.00000,-17.80,+0.00000,0,+0.00000,+0.00000,0.00000,+4.066,0,40.1,40.1
9.9647,2,1,0.2750,1,-0.17625,+0.94111,0.03043,349.40,0,+0.000,+0.00000,-17.713,-0.00000,-17.80,+0.00000,0,+0.00000,+0.00000,0.00000,+4.078,0,40.1,40.1
9.9877,2,1,0.2750,1,-0.17625,+0.94111,0.03043,349.40,0,+0.000,+0.00000,-17.715,-0.00000,-17.80,+0.00000,0,+0.00000,+0.00000,0.00000,+4.096,0,40.1,40.1
10.0130,2,1,0.2750,1,-0.18090,+0.94259,0.03333,349.67,0,+0.000,+0.00000,-17.717,-0.00000,-17.80,+0.00000,0,+0.00000,+0.00000,0.00000,+4.124,0,40.1,40.1
10.0395,2,1,0.2750,1,-0.18163,+0.95152,0.03191,351.27,0,+0.000,+0.00000,-17.719,-0.00000,-17.80,+0.00000,0,+0.00000,+0.00000,0.00000,+4.149,0,40.1,40.1
10.0626,2,1,0.2750,1,-0.18658,+0.95490,0.03239,351.88,0,+0.000,+0.00000,-17.721,-0.00000,-17.80,+0.00000,0,+0.00000,+0.00000,0.00000,+4.170,0,40.1,40.1
10.0878,2,1,0.2750,1,-0.18658,+0.95490,0.03239,351.88,0,+0.000,+0.00000,-17.723,-0.00000,-17.80,+0.00000,0,+0.00000,+0.00000,0.00000,+4.193,0,40.1,40.1
10.1134,2,1,0.2750,1,-0.18652,+0.95799,0.03143,352.44,0,+0.000,+0.00000,-17.725,-0.00000,-17.80,+0.00000,0,+0.00000,+0.00000,0.00000,+4.221,0,40.1,40.1
10.1369,2,1,0.2750,1,-0.19330,+0.95873,0.02940,352.57,0,+0.000,+0.00000,-17.726,-0.00000,-17.80,+0.00000,0,+0.00000,+0.00000,0.00000,+4.231,0,40.1,40.1
10.1612,2,1,0.2750,1,-0.19330,+0.95873,0.02940,352.57,0,+0.000,+0.00000,-17.728,-0.00000,-17.80,+0.00000,0,+0.00000,+0.00000,0.00000,+4.261,0,40.8,40.8
10.1878,2,1,0.2750,1,-0.19183,+0.95940,0.02833,352.69,0,+0.000,+0.00000,-17.729,-0.00000,-17.80,+0.00000,0,+0.00000,+0.00000,0.00000,+4.276,0,40.8,40.8
10.2122,2,1,0.2750,1,-0.19973,+0.96087,0.02664,352.96,0,+0.000,+0.00000,-17.731,-0.00000,-17.80,+0.00000,0,+0.00000,+0.00000,0.00000,+4.297,0,40.8,40.8
10.2379,2,1,0.2750,1,-0.19837,+0.96522,0.02664,353.74,0,+0.000,+0.00000,-17.732,-0.00000,-17.80,+0.00000,0,+0.00000,+0.00000,0.00000,+4.308,0,40.8,40.8
10.2621,2,1,0.2750,1,-0.20625,+0.96878,0.02546,354.38,0,+0.000,+0.00000,-17.734,-0.00000,-17.80,+0.00000,0,+0.00000,+0.00000,0.00000,+4.338,0,40.8,40.8
10.2848,2,1,0.2750,1,-0.20625,+0.96878,0.02546,354.38,0,+0.000,+0.00000,-17.734,-0.00000,-17.80,+0.00000,0,+0.00000,+0.00000,0.00000,+4.343,0,40.8,40.8
10.3124,2,1,0.2750,1,-0.20417,+0.97222,0.02357,355.00,0,+0.000,+0.00000,-17.737,-0.00000,-17.80,+0.00000,0,+0.00000,+0.00000,0.00000,+4.372,0,40.8,40.8
10.3362,2,1,0.2750,1,-0.21211,+0.97569,0.02222,355.62,0,+0.000,+0.00000,-17.738,-0.00000,-17.80,+0.00000,0,+0.00000,+0.00000,0.00000,+4.385,0,40.8,40.8
10.3596,2,1,0.2750,1,-0.20982,+0.97857,0.02079,356.14,0,+0.000,+0.00000,-17.739,-0.00000,-17.80,+0.00000,0,+0.00000,+0.00000,0.00000,+4.407,0,40.8,40.8
10.3834,2,1,0.2750,1,-0.20982,+0.97857,0.02079,356.14,0,+0.000,+0.00000,-17.743,-0.00000,-17.80,+0.00000,0,+0.00000,+0.00000,0.00000,+4.450,0,40.8,40.8
10.4079,2,1,0.2750,1,-0.12634,+0.75238,0.02079,315.43,0,+0.000,+0.00000,-17.745,-0.00000,-17.80,+0.00000,0,+0.00000,+0.00000,0.00000,+4.478,0,40.8,40.8
10.4342,2,1,0.2750,1,-0.12537,+0.75490,0.02291,315.88,0,+0.000,+0.00000,-17.747,-0.00000,-17.80,+0.00000,0,+0.00000,+0.00000,0.00000,+4.510,0,40.8,40.8
10.4587,2,1,0.2750,1,-0.12537,+0.75490,0.02291,315.88,0,+0.000,+0.00000,-17.750,-0.00000,-17.80,+0.00000,0,+0.00000,+0.00000,0.00000,+4.550,0,40.8,40.8
10.4824,2,1,0.2750,1,-0.12617,+0.75556,0.02222,316.00,0,+0.000,+0.00000,-17.751,-0.00000,-17.80,+0.00000,0,+0.00000,+0.00000,0.00000,+4.562,0,40.8,40.8
10.5082,2,1,0.2750,1,-0.13164,+0.76528,0.02222,317.75,0,+0.000,+0.00000,-17.752,-0.00000,-17.80,+0.00000,0,+0.00000,+0.00000,0.00000,+4.578,0,40.8,40.8
10.5319,2,1,0.2750,1,-0.13160,+0.76543,0.02357,317.78,0,+0.000,+0.00000,-17.754,-0.00000,-17.80,+0.00000,0,+0.00000,+0.00000,0.00000,+4.601,0,40.8,40.8
10.5560,2,1,0.2750,1,-0.13086,+0.76389,0.02222,317.50,0,+0.000,+0.00000,-17.755,-0.00000,-17.80,+0.00000,0,+0.00000,+0.00000,0.00000,+4.612,0,40.8,40.8
10.5810,2,1,0.2750,1,-0.13086,+0.76389,0.02222,317.50,0,+0.000,+0.00000,-17.756,-0.00000,-17.80,+0.00000,0,+0.00000,+0.00000,0.00000,+4.628,0,40.8,40.8
10.6050,2,1,0.2750,1,-0.13676,+0.77647,0.02291,319.76,0,+0.000,+0.00000,-17.757,-0.00000,-17.80,+0.00000,0,+0.00000,+0.00000,0.00000,+4.640,0,40.8,40.8
10.6286,2,1,0.2750,1,-0.13676,+0.77647,0.02291,319.76,0,+0.000,+0.00000,-17.760,-0.00000,-17.80,+0.00000,0,+0.00000,+0.00000,0.00000,+4.678,0,40.8,40.8
10.6528,2,1,0.2750,1,-0.13785,+0.77654,0.02357,319.78,0,+0.000,+0.00000,-17.761,-0.00000,-17.80,+0.00000,0,+0.00000,+0.00000,0.00000,+4.699,0,40.8,40.8
10.6767,2,1,0.2750,1,-0.13824,+0.77516,0.02291,319.53,0,+0.000,+0.00000,-17.763,-0.00000,-17.80,+0.00000,0,+0.00000,+0.00000,0.00000,+4.719,0,40.8,40.8
10.7008,2,1,0.2750,1,-0.14271,+0.78889,0.02357,322.00,0,+0.000,+0.00000,-17.764,-0.00000,-17.80,+0.00000,0,+0.00000,+0.00000,0.00000,+4.730,0,40.8,40.8
10.7237,2,1,0.2750,1,-0.14271,+0.78889,0.02357,322.00,0,+0.000,+0.00000,-17.765,-0.00000,-17.80,+0.00000,0,+0.00000,+0.00000,0.00000,+4.753,0,40.8,40.8
10.7462,2,1,0.2750,1,-0.14449,+0.78627,0.02291,321.53,0,+0.000,+0.00000,-17.767,-0.00000,-17.80,+0.00000,0,+0.00000,+0.00000,0.00000,+4.774,0,40.8,40.8
10.7691,2,1,0.2750,1,-0.14514,+0.78827,0.02357,321.89,0,+0.000,+0.00000,-17.768,-0.00000,-17.80,+0.00000,0,+0.00000,+0.00000,0.00000,+4.789,0,40.8,40.8
10.7928,2,1,0.2750,1,-0.14514,+0.78827,0.02357,321.89,0,+0.000,+0.00000,-17.769,-0.00000,-17.80,+0.00000,0,+0.00000,+0.00000,0.00000,+4.809,0,40.8,40.8
10.8179,2,1,0.2750,1,-0.14961,+0.79931,0.02222,323.88,0,+0.000,+0.00000,-17.770,-0.00000,-17.80,+0.00000,0,+0.00000,+0.00000,0.00000,+4.823,0,40.8,40.8
10.8438,2,1,0.2750,1,-0.15000,+0.79739,0.02291,323.53,0,+0.000,+0.00000,-17.771,-0.00000,-17.80,+0.00000,0,+0.00000,+0.00000,0.00000,+4.838,0,40.8,40.8
10.8689,2,1,0.2750,1,-0.15368,+0.80000,0.02291,324.00,0,+0.000,+0.00000,-17.772,-0.00000,-17.80,+0.00000,0,+0.00000,+0.00000,0.00000,+4.855,0,40.8,40.8
10.8961,2,1,0.2750,1,-0.15368,+0.80000,0.02291,324.00,0,+0.000,+0.00000,-17.772,-0.00000,-17.80,+0.00000,0,+0.00000,+0.00000,0.00000,+4.852,0,40.8,40.8
10.9200,2,1,0.2750,1,-0.15515,+0.81176,0.02291,326.12,0,+0.000,+0.00000,-17.773,-0.00000,-17.80,+0.00000,0,+0.00000,+0.00000,0.00000,+4.867,0,40.8,40.8
10.9446,2,1,0.2750,1,-0.15625,+0.80850,0.02291,325.53,0,+0.000,+0.00000,-17.774,-0.00000,-17.80,+0.00000,0,+0.00000,+0.00000,0.00000,+4.889,0,40.8,40.8
10.9682,2,1,0.2750,1,-0.15969,+0.81389,0.02485,326.50,0,+0.000,+0.00000,-17.776,-0.00000,-17.80,+0.00000,0,+0.00000,+0.00000,0.00000,+4.913,0,40.8,40.8
10.9931,2,1,0.2750,1,-0.15969,+0.81389,0.02485,326.50,0,+0.000,+0.00000,-17.779,-0.00000,-17.80,+0.00000,0,+0.00000,+0.00000,0.00000,+4.943,0,40.8,40.8
11.0199,2,1,0.2750,1,-0.16042,+0.82407,0.02357,328.33,0,+0.000,+0.00000,-17.781,-0.00000,-17.80,+0.00000,0,+0.00000,+0.00000,0.00000,+4.970,0,40.8,40.8
11.0455,2,1,0.2750,1,-0.16250,+0.81830,0.02291,327.29,0,+0.000,+0.00000,-17.782,-0.00000,-17.80,+0.00000,0,+0.00000,+0.00000,0.00000,+4.990,0,40.8,40.8
11.0701,2,1,0.2750,1,-0.16678,+0.83275,0.02422,329.89,0,+0.000,+0.00000,-17.783,-0.00000,-17.80,+0.00000,0,+0.00000,+0.00000,0.00000,+5.006,0,40.8,40.8
11.0947,2,1,0.2750,1,-0.16678,+0.83275,0.02422,329.89,0,+0.000,+0.00000,-17.784,-0.00000,-17.80,+0.00000,0,+0.00000,+0.00000,0.00000,+5.015,0,40.8,40.8
11.1168,2,1,0.2750,1,-0.16875,+0.83125,0.02222,329.62,0,+0.000,+0.00000,-17.784,-0.00000,-17.80,+0.00000,0,+0.00000,+0.00000,0.00000,+5.020,0,40.8,40.8
11.1414,2,1,0.2750,1,-0.17171,+0.83099,0.02422,329.58,0,+0.000,+0.00000,-17.785,-0.00000,-17.80,+0.00000,0,+0.00000,+0.00000,0.00000,+5.037,0,40.8,40.8
11.1651,2,1,0.2750,1,-0.17292,+0.84506,0.02357,332.11,0,+0.000,+0.00000,-17.789,-0.00000,-17.80,+0.00000,0,+0.00000,+0.00000,0.00000,+5.083,0,40.8,40.8
11.1895,2,1,0.2750,1,-0.17292,+0.84506,0.02357,332.11,0,+0.000,+0.00000,-17.789,-0.00000,-17.80,+0.00000,0,+0.00000,+0.00000,0.00000,+5.094,0,40.8,40.8
11.2133,2,1,0.2750,1,-0.17610,+0.83987,0.02291,331.18,0,+0.000,+0.00000,-17.791,-0.00000,-17.80,+0.00000,0,+0.00000,+0.00000,0.00000,+5.117,0,40.8,40.8
11.2355,2,1,0.2750,1,-0.17857,+0.85026,0.02546,333.05,0,+0.000,+0.00000,-17.794,-0.00000,-17.80,+0.00000,0,+0.00000,+0.00000,0.00000,+5.159,0,40.8,40.8
11.2588,2,1,0.2750,1,-0.17917,+0.85741,0.02357,334.33,0,+0.000,+0.00000,-17.795,-0.00000,-17.80,+0.00000,0,+0.00000,+0.00000,0.00000,+5.168,0,40.8,40.8
11.2828,2,1,0.2750,1,-0.17917,+0.85741,0.02357,334.33,0,+0.000,+0.00000,-17.796,-0.00000,-17.80,+0.00000,0,+0.00000,+0.00000,0.00000,+5.184,0,40.8,40.8
11.3061,2,1,0.2750,1,-0.18438,+0.85500,0.02485,333.90,0,+0.000,+0.00000,-17.797,-0.00000,-17.80,+0.00000,0,+0.00000,+0.00000,0.00000,+5.195,0,40.8,40.8
11.3309,2,1,0.2750,1,-0.18406,+0.86500,0.02485,335.70,0,+0.000,+0.00000,-17.797,-0.00000,-17.80,+0.00000,0,+0.00000,+0.00000,0.00000,+5.205,0,40.8,40.8
11.3543,2,1,0.2750,1,-0.18406,+0.86500,0.02485,335.70,0,+0.000,+0.00000,-17.798,-0.00000,-17.80,+0.00000,0,+0.00000,+0.00000,0.00000,+5.221,0,40.8,40.8
11.3792,2,1,0.2750,1,-0.19013,+0.86316,0.02422,335.37,0,+0.000,+0.00000,-17.800,-0.00000,-17.80,+0.00000,0,+0.00000,+0.00000,0.00000,+5.244,0,40.8,40.8
11.4012,2,1,0.2750,1,-0.19137,+0.87143,0.02546,336.86,0,+0.000,+0.00000,-17.801,-0.00000,-17.80,+0.00000,0,+0.00000,+0.00000,0.00000,+5.262,0,40.8,40.8
11.4263,2,1,0.2750,1,-0.19118,+0.87843,0.02291,338.12,0,+0.000,+0.00000,-17.802,-0.00000,-17.80,+0.00000,0,+0.00000,+0.00000,0.00000,+5.271,0,40.8,40.8
11.4505,2,1,0.2750,1,-0.19118,+0.87843,0.02291,338.12,0,+0.000,+0.00000,-17.803,-0.00000,-17.80,+0.00000,0,+0.00000,+0.00000,0.00000,+5.286,0,40.8,40.8
11.4782,2,1,0.2750,1,-0.19762,+0.87831,0.02546,338.10,0,+0.000,+0.00000,-17.805,-0.00000,-17.80,+0.00000,0,+0.00000,+0.00000,0.00000,+5.312,0,40.8,40.8
11.5063,2,1,0.2750,1,-0.19517,+0.88737,0.02606,339.73,0,+0.000,+0.00000,-17.807,-0.00000,-17.80,+0.00000,0,+0.00000,+0.00000,0.00000,+5.337,0,40.8,40.8
11.5299,2,1,0.2750,1,-0.20362,+0.88596,0.02422,339.47,0,+0.000,+0.00000,-17.808,-0.00000,-17.80,+0.00000,0,+0.00000,+0.00000,0.00000,+5.350,0,40.8,40.8
11.5543,2,1,0.2750,1,-0.20362,+0.88596,0.02422,339.47,0,+0.000,+0.00000,-17.808,-0.00000,-17.80,+0.00000,0,+0.00000,+0.00000,0.00000,+5.358,0,40.8,40.8
11.5761,2,1,0.2750,1,-0.20238,+0.89524,0.02546,341.14,0,+0.000,+0.00000,-17.809,-0.00000,-17.80,+0.00000,0,+0.00000,+0.00000,0.00000,+5.371,0,40.8,40.8
11.6012,2,1,0.2750,1,-0.20625,+0.89833,0.02485,341.70,0,+0.000,+0.00000,-17.810,-0.00000,-17.80,+0.00000,0,+0.00000,+0.00000,0.00000,+5.382,0,40.8,40.8
11.6252,2,1,0.2750,1,-0.20625,+0.89833,0.02485,341.70,0,+0.000,+0.00000,-17.811,-0.00000,-17.80,+0.00000,0,+0.00000,+0.00000,0.00000,+5.397,0,40.8,40.8
11.6514,2,1,0.2750,1,-0.21023,+0.90354,0.02606,342.64,0,+0.000,+0.00000,-17.812,-0.00000,-17.80,+0.00000,0,+0.00000,+0.00000,0.00000,+5.413,0,40.8,40.8
11.6759,2,1,0.2750,1,-0.20822,+0.91111,0.02422,344.00,0,+0.000,+0.00000,-17.813,-0.00000,-17.80,+0.00000,0,+0.00000,+0.00000,0.00000,+5.427,0,40.8,40.8
11.7000,2,1,0.2750,1,-0.21719,+0.91343,0.02722,344.42,0,+0.000,+0.00000,-17.814,-0.00000,-17.80,+0.00000,0,+0.00000,+0.00000,0.00000,+5.440,0,40.8,40.8
11.7261,2,1,0.2750,1,-0.21719,+0.91343,0.02722,344.42,0,+0.000,+0.00000,-17.815,-0.00000,-17.80,+0.00000,0,+0.00000,+0.00000,0.00000,+5.454,0,40.8,40.8
11.7514,2,1,0.2750,1,-0.21392,+0.92071,0.02606,345.73,0,+0.000,+0.00000,-17.815,-0.00000,-17.80,+0.00000,0,+0.00000,+0.00000,0.00000,+5.461,0,40.8,40.8
11.7755,2,1,0.2750,1,-0.22262,+0.92169,0.02546,345.90,0,+0.000,+0.00000,-17.815,-0.00000,-17.80,+0.00000,0,+0.00000,+0.00000,0.00000,+5.468,0,40.8,40.8
11.7987,2,1,0.2750,1,-0.21989,+0.92727,0.02606,346.91,0,+0.000,+0.00000,-17.816,-0.00000,-17.80,+0.00000,0,+0.00000,+0.00000,0.00000,+5.482,0,40.8,40.8
11.8214,2,1,0.2750,1,-0.21989,+0.92727,0.02606,346.91,0,+0.000,+0.00000,-17.816,-0.00000,-17.80,+0.00000,0,+0.00000,+0.00000,0.00000,+5.484,0,40.8,40.8
11.8474,2,1,0.2750,1,-0.22727,+0.93283,0.02606,347.91,0,+0.000,+0.00000,-17.818,-0.00000,-17.80,+0.00000,0,+0.00000,+0.00000,0.00000,+5.507,0,40.8,40.8
11.8720,2,1,0.2750,1,-0.22663,+0.93816,0.02664,348.87,0,+0.000,+0.00000,-17.818,-0.00000,-17.80,+0.00000,0,+0.00000,+0.00000,0.00000,+5.511,0,40.8,40.8
11.8965,2,1,0.2750,1,-0.23155,+0.94392,0.02546,349.90,0,+0.000,+0.00000,-17.819,-0.00000,-17.80,+0.00000,0,+0.00000,+0.00000,0.00000,+5.521,0,40.8,40.8
11.9231,2,1,0.2750,1,-0.23155,+0.94392,0.02546,349.90,0,+0.000,+0.00000,-17.819,-0.00000,-17.80,+0.00000,0,+0.00000,+0.00000,0.00000,+5.532,0,40.8,40.8
11.9473,2,1,0.2750,1,-0.23516,+0.94815,0.02722,350.67,0,+0.000,+0.00000,-17.820,-0.00000,-17.80,+0.00000,0,+0.00000,+0.00000,0.00000,+5.545,0,40.8,40.8
11.9684,2,1,0.2750,1,-0.23641,+0.95314,0.02664,351.57,0,+0.000,+0.00000,-17.821,-0.00000,-17.80,+0.00000,0,+0.00000,+0.00000,0.00000,+5.559,0,40.8,40.8
11.9925,2,1,0.2750,1,-0.23641,+0.95314,0.02664,351.57,0,+0.000,+0.00000,-17.822,-0.00000,-17.80,+0.00000,0,+0.00000,+0.00000,0.00000,+5.573,0,40.8,40.8
12.0179,2,1,0.2750,1,-0.24200,+0.95822,0.02778,352.48,0,+0.000,+0.00000,-17.823,-0.00000,-17.80,+0.00000,0,+0.00000,+0.00000,0.00000,+5.587,0,40.8,40.8
12.0415,2,1,0.2750,1,-0.24036,+0.96157,0.02722,353.08,0,+0.000,+0.00000,-17.824,-0.00000,-17.80,+0.00000,0,+0.00000,+0.00000,0.00000,+5.598,0,40.8,40.8
12.0629,2,1,0.2750,1,-0.24036,+0.96157,0.02722,353.08,0,+0.000,+0.00000,-17.825,-0.00000,-17.80,+0.00000,0,+0.00000,+0.00000,0.00000,+5.612,0,40.8,40.8
12.0867,2,1,0.2750,1,-0.24737,+0.96082,0.02422,352.95,0,+0.000,+0.00000,-17.826,-0.00000,-17.80,+0.00000,0,+0.00000,+0.00000,0.00000,+5.621,0,40.8,40.8
12.1140,2,1,0.2750,1,-0.24813,+0.96611,0.02485,353.90,0,+0.000,+0.00000,-17.827,-0.00000,-17.80,+0.00000,0,+0.00000,+0.00000,0.00000,+5.640,0,40.8,40.8
12.1395,2,1,0.2750,1,-0.25375,+0.96667,0.02152,354.00,0,+0.000,+0.00000,-17.828,-0.00000,-17.80,+0.00000,0,+0.00000,+0.00000,0.00000,+5.658,0,40.8,40.8
12.1637,2,1,0.2750,1,-0.25515,+0.97320,0.02291,355.18,0,+0.000,+0.00000,-17.829,-0.00000,-17.80,+0.00000,0,+0.00000,+0.00000,0.00000,+5.668,0,40.8,40.8
12.1868,2,1,0.2750,1,-0.25515,+0.97320,0.02291,355.18,0,+0.000,+0.00000,-17.830,-0.00000,-17.80,+0.00000,0,+0.00000,+0.00000,0.00000,+5.680,0,41.1,41.1
12.2108,2,1,0.2750,1,-0.26010,+0.97436,0.02003,355.38,0,+0.000,+0.00000,-17.831,-0.00000,-17.80,+0.00000,0,+0.00000,+0.00000,0.00000,+5.696,0,41.1,41.1
12.2338,2,1,0.2750,1,-0.26000,+0.97778,0.02152,356.00,0,+0.000,+0.00000,-17.832,-0.00000,-17.80,+0.00000,0,+0.00000,+0.00000,0.00000,+5.705,0,41.1,41.1
12.2599,2,1,0.2750,1,-0.26000,+0.97778,0.02152,356.00,0,+0.000,+0.00000,-17.833,-0.00000,-17.80,+0.00000,0,+0.00000,+0.00000,0.00000,+5.722,0,41.1,41.1
12.2824,2,1,0.2750,0,+0.00000,+0.00000,0.00000,0.00,0,+0.000,+0.00000,-17.832,-0.00000,-17.80,+0.00000,0,+0.00000,+0.00000,0.00000,+5.719,0,41.1,41.1
12.3074,2,1,0.2750,0,+0.00000,+0.00000,0.00000,0.00,0,+0.000,+0.00000,-17.833,-0.00000,-17.80,+0.00000,0,+0.00000,+0.00000,0.00000,+5.730,0,41.1,41.1
12.3307,2,1,0.2750,0,+0.00000,+0.00000,0.00000,0.00,0,+0.000,+0.00000,-17.834,-0.00000,-17.80,+0.00000,0,+0.00000,+0.00000,0.00000,+5.743,0,41.1,41.1
12.3558,2,1,0.2750,0,+0.00000,+0.00000,0.00000,0.00,0,+0.000,+0.00000,-17.835,-0.00000,-17.80,+0.00000,0,+0.00000,+0.00000,0.00000,+5.758,0,41.1,41.1
12.3782,2,1,0.2750,0,+0.00000,+0.00000,0.00000,0.00,0,+0.000,+0.00000,-17.836,-0.00000,-17.80,+0.00000,0,+0.00000,+0.00000,0.00000,+5.763,0,41.1,41.1
12.3987,2,1,0.2750,0,+0.00000,+0.00000,0.00000,0.00,0,+0.000,+0.00000,-17.836,-0.00000,-17.80,+0.00000,0,+0.00000,+0.00000,0.00000,+5.776,0,41.1,41.1
12.4199,2,1,0.2750,0,+0.00000,+0.00000,0.00000,0.00,0,+0.000,+0.00000,-17.837,-0.00000,-17.80,+0.00000,0,+0.00000,+0.00000,0.00000,+5.787,0,41.1,41.1
12.4406,2,1,0.2750,0,+0.00000,+0.00000,0.00000,0.00,0,+0.000,+0.00000,-17.838,-0.00000,-17.80,+0.00000,0,+0.00000,+0.00000,0.00000,+5.795,0,41.1,41.1
12.4641,2,1,0.2750,0,+0.00000,+0.00000,0.00000,0.00,0,+0.000,+0.00000,-17.840,-0.00000,-17.80,+0.00000,0,+0.00000,+0.00000,0.00000,+5.815,0,41.1,41.1
12.4860,2,1,0.2750,0,+0.00000,+0.00000,0.00000,0.00,0,+0.000,+0.00000,-17.841,-0.00000,-17.80,+0.00000,0,+0.00000,+0.00000,0.00000,+5.834,0,41.1,41.1
12.5070,2,1,0.2750,0,+0.00000,+0.00000,0.00000,0.00,0,+0.000,+0.00000,-17.842,-0.00000,-17.80,+0.00000,0,+0.00000,+0.00000,0.00000,+5.846,0,41.1,41.1
12.5296,2,1,0.2750,0,+0.00000,+0.00000,0.00000,0.00,0,+0.000,+0.00000,-17.842,-0.00000,-17.80,+0.00000,0,+0.00000,+0.00000,0.00000,+5.849,0,41.1,41.1
12.5542,2,1,0.2750,0,+0.00000,+0.00000,0.00000,0.00,0,+0.000,+0.00000,-17.842,-0.00000,-17.80,+0.00000,0,+0.00000,+0.00000,0.00000,+5.854,0,41.1,41.1
12.5771,2,1,0.2750,0,+0.00000,+0.00000,0.00000,0.00,0,+0.000,+0.00000,-17.843,-0.00000,-17.80,+0.00000,0,+0.00000,+0.00000,0.00000,+5.866,0,41.1,41.1
12.5990,2,1,0.2750,0,+0.00000,+0.00000,0.00000,0.00,0,+0.000,+0.00000,-17.844,-0.00000,-17.80,+0.00000,0,+0.00000,+0.00000,0.00000,+5.878,0,41.1,41.1
12.6220,2,1,0.2750,0,+0.00000,+0.00000,0.00000,0.00,0,+0.000,+0.00000,-17.845,-0.00000,-17.80,+0.00000,0,+0.00000,+0.00000,0.00000,+5.888,0,41.1,41.1
12.6446,2,1,0.2750,0,+0.00000,+0.00000,0.00000,0.00,0,+0.000,+0.00000,-17.846,-0.00000,-17.80,+0.00000,0,+0.00000,+0.00000,0.00000,+5.897,0,41.1,41.1
12.6676,2,1,0.2750,0,+0.00000,+0.00000,0.00000,0.00,0,+0.000,+0.00000,-17.846,-0.00000,-17.80,+0.00000,0,+0.00000,+0.00000,0.00000,+5.903,0,41.1,41.1
12.6902,2,1,0.2750,0,+0.00000,+0.00000,0.00000,0.00,0,+0.000,+0.00000,-17.847,-0.00000,-17.80,+0.00000,0,+0.00000,+0.00000,0.00000,+5.913,0,41.1,41.1
12.7132,2,1,0.2750,0,+0.00000,+0.00000,0.00000,0.00,0,+0.000,+0.00000,-17.848,-0.00000,-17.80,+0.00000,0,+0.00000,+0.00000,0.00000,+5.924,0,41.1,41.1
12.7346,2,1,0.2750,0,+0.00000,+0.00000,0.00000,0.00,0,+0.000,+0.00000,-17.848,-0.00000,-17.80,+0.00000,0,+0.00000,+0.00000,0.00000,+5.934,0,41.1,41.1
12.7582,2,1,0.2750,0,+0.00000,+0.00000,0.00000,0.00,0,+0.000,+0.00000,-17.849,-0.00000,-17.80,+0.00000,0,+0.00000,+0.00000,0.00000,+5.948,0,41.1,41.1
12.7809,2,1,0.2750,0,+0.00000,+0.00000,0.00000,0.00,0,+0.000,+0.00000,-17.851,-0.00000,-17.80,+0.00000,0,+0.00000,+0.00000,0.00000,+5.962,0,41.1,41.1
12.8034,2,1,0.2750,0,+0.00000,+0.00000,0.00000,0.00,0,+0.000,+0.00000,-17.851,-0.00000,-17.80,+0.00000,0,+0.00000,+0.00000,0.00000,+5.969,0,41.1,41.1
12.8251,2,1,0.2750,0,+0.00000,+0.00000,0.00000,0.00,0,+0.000,+0.00000,-17.852,-0.00000,-17.80,+0.00000,0,+0.00000,+0.00000,0.00000,+5.979,0,41.1,41.1
12.8488,2,1,0.2750,0,+0.00000,+0.00000,0.00000,0.00,0,+0.000,+0.00000,-17.853,-0.00000,-17.80,+0.00000,0,+0.00000,+0.00000,0.00000,+5.993,0,41.1,41.1
12.8708,2,1,0.2750,0,+0.00000,+0.00000,0.00000,0.00,0,+0.000,+0.00000,-17.853,-0.00000,-17.80,+0.00000,0,+0.00000,+0.00000,0.00000,+5.999,0,41.1,41.1
12.8950,2,1,0.2750,0,+0.00000,+0.00000,0.00000,0.00,0,+0.000,+0.00000,-17.854,-0.00000,-17.80,+0.00000,0,+0.00000,+0.00000,0.00000,+6.011,0,41.1,41.1
12.9204,2,1,0.2750,0,+0.00000,+0.00000,0.00000,0.00,0,+0.000,+0.00000,-17.855,-0.00000,-17.80,+0.00000,0,+0.00000,+0.00000,0.00000,+6.019,0,41.1,41.1
12.9405,2,1,0.2750,0,+0.00000,+0.00000,0.00000,0.00,0,+0.000,+0.00000,-17.855,-0.00000,-17.80,+0.00000,0,+0.00000,+0.00000,0.00000,+6.024,0,41.1,41.1
12.9616,2,1,0.2750,0,+0.00000,+0.00000,0.00000,0.00,0,+0.000,+0.00000,-17.856,-0.00000,-17.80,+0.00000,0,+0.00000,+0.00000,0.00000,+6.034,0,41.1,41.1
12.9848,2,1,0.2750,0,+0.00000,+0.00000,0.00000,0.00,0,+0.000,+0.00000,-17.857,-0.00000,-17.80,+0.00000,0,+0.00000,+0.00000,0.00000,+6.043,0,41.1,41.1
13.0088,2,1,0.2750,0,+0.00000,+0.00000,0.00000,0.00,0,+0.000,+0.00000,-17.857,-0.00000,-17.80,+0.00000,0,+0.00000,+0.00000,0.00000,+6.052,0,41.1,41.1
13.0273,2,1,0.2750,0,+0.00000,+0.00000,0.00000,0.00,0,+0.000,+0.00000,-17.858,-0.00000,-17.80,+0.00000,0,+0.00000,+0.00000,0.00000,+6.058,0,41.1,41.1
13.0440,2,1,0.2750,0,+0.00000,+0.00000,0.00000,0.00,0,+0.000,+0.00000,-17.858,-0.00000,-17.80,+0.00000,0,+0.00000,+0.00000,0.00000,+6.064,0,41.1,41.1
13.0694,2,1,0.2750,0,+0.00000,+0.00000,0.00000,0.00,0,+0.000,+0.00000,-17.859,-0.00000,-17.80,+0.00000,0,+0.00000,+0.00000,0.00000,+6.072,0,41.1,41.1
13.0873,2,1,0.2750,0,+0.00000,+0.00000,0.00000,0.00,0,+0.000,+0.00000,-17.859,-0.00000,-17.80,+0.00000,0,+0.00000,+0.00000,0.00000,+6.077,0,41.1,41.1
13.1042,2,1,0.2750,0,+0.00000,+0.00000,0.00000,0.00,0,+0.000,+0.00000,-17.860,-0.00000,-17.80,+0.00000,0,+0.00000,+0.00000,0.00000,+6.081,0,41.1,41.1
13.1228,2,1,0.2750,0,+0.00000,+0.00000,0.00000,0.00,0,+0.000,+0.00000,-17.860,-0.00000,-17.80,+0.00000,0,+0.00000,+0.00000,0.00000,+6.086,0,41.1,41.1
13.1417,2,1,0.2750,0,+0.00000,+0.00000,0.00000,0.00,0,+0.000,+0.00000,-17.860,-0.00000,-17.80,+0.00000,0,+0.00000,+0.00000,0.00000,+6.091,0,41.1,41.1
13.1630,2,1,0.2750,0,+0.00000,+0.00000,0.00000,0.00,0,+0.000,+0.00000,-17.861,-0.00000,-17.80,+0.00000,0,+0.00000,+0.00000,0.00000,+6.095,0,41.1,41.1
13.1881,2,1,0.2750,0,+0.00000,+0.00000,0.00000,0.00,0,+0.000,+0.00000,-17.861,-0.00000,-17.80,+0.00000,0,+0.00000,+0.00000,0.00000,+6.101,0,44.9,44.9
13.2085,2,1,0.2750,0,+0.00000,+0.00000,0.00000,0.00,0,+0.000,+0.00000,-17.862,-0.00000,-17.80,+0.00000,0,+0.00000,+0.00000,0.00000,+6.107,0,44.9,44.9
13.2308,2,1,0.2750,0,+0.00000,+0.00000,0.00000,0.00,0,+0.000,+0.00000,-17.862,-0.00000,-17.80,+0.00000,0,+0.00000,+0.00000,0.00000,+6.110,0,44.9,44.9
13.2515,2,1,0.2750,0,+0.00000,+0.00000,0.00000,0.00,0,+0.000,+0.00000,-17.862,-0.00000,-17.80,+0.00000,0,+0.00000,+0.00000,0.00000,+6.115,0,44.9,44.9
13.2755,2,1,0.2750,0,+0.00000,+0.00000,0.00000,0.00,0,+0.000,+0.00000,-17.863,-0.00000,-17.80,+0.00000,0,+0.00000,+0.00000,0.00000,+6.119,0,44.9,44.9
13.2974,2,1,0.2750,0,+0.00000,+0.00000,0.00000,0.00,0,+0.000,+0.00000,-17.863,-0.00000,-17.80,+0.00000,0,+0.00000,+0.00000,0.00000,+6.123,0,44.9,44.9
13.3194,2,1,0.2750,0,+0.00000,+0.00000,0.00000,0.00,0,+0.000,+0.00000,-17.863,-0.00000,-17.80,+0.00000,0,+0.00000,+0.00000,0.00000,+6.126,0,44.9,44.9
13.3407,2,1,0.2750,0,+0.00000,+0.00000,0.00000,0.00,0,+0.000,+0.00000,-17.864,-0.00000,-17.80,+0.00000,0,+0.00000,+0.00000,0.00000,+6.131,0,44.9,44.9
13.3610,2,1,0.2750,0,+0.00000,+0.00000,0.00000,0.00,0,+0.000,+0.00000,-17.864,-0.00000,-17.80,+0.00000,0,+0.00000,+0.00000,0.00000,+6.133,0,44.9,44.9
13.3811,2,1,0.2750,0,+0.00000,+0.00000,0.00000,0.00,0,+0.000,+0.00000,-17.864,-0.00000,-17.80,+0.00000,0,+0.00000,+0.00000,0.00000,+6.137,0,44.9,44.9
13.4001,2,1,0.2750,0,+0.00000,+0.00000,0.00000,0.00,0,+0.000,+0.00000,-17.864,-0.00000,-17.80,+0.00000,0,+0.00000,+0.00000,0.00000,+6.139,0,44.9,44.9
13.4207,2,1,0.2750,0,+0.00000,+0.00000,0.00000,0.00,0,+0.000,+0.00000,-17.865,-0.00000,-17.80,+0.00000,0,+0.00000,+0.00000,0.00000,+6.142,0,44.9,44.9
13.4407,2,1,0.2750,0,+0.00000,+0.00000,0.00000,0.00,0,+0.000,+0.00000,-17.865,-0.00000,-17.80,+0.00000,0,+0.00000,+0.00000,0.00000,+6.144,0,44.9,44.9
13.4617,2,1,0.2750,0,+0.00000,+0.00000,0.00000,0.00,0,+0.000,+0.00000,-17.865,-0.00000,-17.80,+0.00000,0,+0.00000,+0.00000,0.00000,+6.147,0,44.9,44.9
13.4819,3,1,0.2750,0,+0.00000,+0.00000,0.00000,0.00,0,+0.000,+0.00000,-17.865,-0.00000,-17.80,+0.00000,0,+0.00000,+0.00000,0.00000,+6.149,0,44.9,44.9
13.5054,3,1,0.2750,0,+0.00000,+0.00000,0.00000,0.00,0,+0.000,+0.00000,-17.865,-0.00000,-17.80,+0.00000,0,+0.00000,+0.00000,0.00000,+6.152,0,44.9,44.9
13.5256,3,1,0.2750,0,+0.00000,+0.00000,0.00000,0.00,0,+0.000,+0.00000,-17.865,-0.00000,-17.80,+0.00000,0,+0.00000,+0.00000,0.00000,+6.154,0,44.9,44.9
13.5475,3,1,0.2750,0,+0.00000,+0.00000,0.00000,0.00,0,+0.000,+0.00000,-17.866,-0.00000,-17.80,+0.00000,0,+0.00000,+0.00000,0.00000,+6.157,0,44.9,44.9
13.5685,3,1,0.2750,0,+0.00000,+0.00000,0.00000,0.00,0,+0.000,+0.00000,-17.866,-0.00000,-17.80,+0.00000,0,+0.00000,+0.00000,0.00000,+6.160,0,44.9,44.9
13.5928,3,1,0.2750,0,+0.00000,+0.00000,0.00000,0.00,0,+0.000,+0.00000,-17.866,-0.00000,-17.80,+0.00000,0,+0.00000,+0.00000,0.00000,+6.164,0,44.9,44.9
13.6185,3,1,0.2750,0,+0.00000,+0.00000,0.00000,0.00,0,+0.000,+0.00000,-17.866,-0.00000,-17.80,+0.00000,0,+0.00000,+0.00000,0.00000,+6.168,0,44.9,44.9
13.6440,3,1,0.2750,0,+0.00000,+0.00000,0.00000,0.00,0,+0.000,+0.00000,-17.867,-0.00000,-17.80,+0.00000,0,+0.00000,+0.00000,0.00000,+6.174,0,44.9,44.9
13.6662,3,1,0.2750,0,+0.00000,+0.00000,0.00000,0.00,0,+0.000,+0.00000,-17.867,-0.00000,-17.80,+0.00000,0,+0.00000,+0.00000,0.00000,+6.179,0,44.9,44.9
13.7072,3,1,0.2750,0,+0.00000,+0.00000,0.00000,0.00,0,+0.000,+0.00000,-17.868,-0.00000,-17.80,+0.00000,0,+0.00000,+0.00000,0.00000,+6.185,0,44.9,44.9
13.7257,3,1,0.2750,0,+0.00000,+0.00000,0.00000,0.00,0,+0.000,+0.00000,-17.868,-0.00000,-17.80,+0.00000,0,+0.00000,+0.00000,0.00000,+6.191,0,44.9,44.9
13.7469,3,1,0.2750,0,+0.00000,+0.00000,0.00000,0.00,0,+0.000,+0.00000,-17.869,-0.00000,-17.80,+0.00000,0,+0.00000,+0.00000,0.00000,+6.195,0,44.9,44.9
13.7523,3,1,0.2750,0,+0.00000,+0.00000,0.00000,0.00,0,+0.000,+0.00000,-17.869,-0.00000,-17.80,+0.00000,0,+0.00000,+0.00000,0.00000,+6.197,0,44.9,44.9
13.7803,3,1,0.2750,0,+0.00000,+0.00000,0.00000,0.00,0,+0.000,+0.00000,-17.869,-0.00000,-17.80,+0.00000,0,+0.00000,+0.00000,0.00000,+6.203,0,44.9,44.9
13.8304,3,1,0.2750,0,+0.00000,+0.00000,0.00000,0.00,0,+0.000,+0.00000,-17.870,-0.00000,-17.80,+0.00000,0,+0.00000,+0.00000,0.00000,+6.216,0,44.9,44.9
13.8707,3,1,0.2750,0,+0.00000,+0.00000,0.00000,0.00,0,+0.000,+0.00000,-17.871,-0.00000,-17.80,+0.00000,0,+0.00000,+0.00000,0.00000,+6.225,0,44.9,44.9
13.8957,3,1,0.2750,0,+0.00000,+0.00000,0.00000,0.00,0,+0.000,+0.00000,-17.871,-0.00000,-17.80,+0.00000,0,+0.00000,+0.00000,0.00000,+6.232,0,44.9,44.9
13.9192,3,1,0.2750,0,+0.00000,+0.00000,0.00000,0.00,0,+0.000,+0.00000,-17.872,-0.00000,-17.80,+0.00000,0,+0.00000,+0.00000,0.00000,+6.238,0,44.9,44.9
13.9430,3,1,0.2750,0,+0.00000,+0.00000,0.00000,0.00,0,+0.000,+0.00000,-17.872,-0.00000,-17.80,+0.00000,0,+0.00000,+0.00000,0.00000,+6.245,0,44.9,44.9
13.9634,3,1,0.2750,0,+0.00000,+0.00000,0.00000,0.00,0,+0.000,+0.00000,-17.873,-0.00000,-17.80,+0.00000,0,+0.00000,+0.00000,0.00000,+6.249,0,44.9,44.9
13.9850,3,1,0.2750,0,+0.00000,+0.00000,0.00000,0.00,0,+0.000,+0.00000,-17.873,-0.00000,-17.80,+0.00000,0,+0.00000,+0.00000,0.00000,+6.253,0,44.9,44.9
14.0035,3,1,0.2750,0,+0.00000,+0.00000,0.00000,0.00,0,+0.000,+0.00000,-17.874,-0.00000,-17.80,+0.00000,0,+0.00000,+0.00000,0.00000,+6.258,0,44.9,44.9
14.0247,3,1,0.2750,0,+0.00000,+0.00000,0.00000,0.00,0,+0.000,+0.00000,-17.874,-0.00000,-17.80,+0.00000,0,+0.00000,+0.00000,0.00000,+6.264,0,44.9,44.9
14.0454,3,1,0.2750,0,+0.00000,+0.00000,0.00000,0.00,0,+0.000,+0.00000,-17.874,-0.00000,-17.80,+0.00000,0,+0.00000,+0.00000,0.00000,+6.268,0,44.9,44.9
14.0653,3,1,0.2750,0,+0.00000,+0.00000,0.00000,0.00,0,+0.000,+0.00000,-17.875,-0.00000,-17.80,+0.00000,0,+0.00000,+0.00000,0.00000,+6.274,0,44.9,44.9
14.0845,3,1,0.2750,0,+0.00000,+0.00000,0.00000,0.00,0,+0.000,+0.00000,-17.875,-0.00000,-17.80,+0.00000,0,+0.00000,+0.00000,0.00000,+6.279,0,44.9,44.9
14.1068,3,1,0.2750,0,+0.00000,+0.00000,0.00000,0.00,0,+0.000,+0.00000,-17.876,-0.00000,-17.80,+0.00000,0,+0.00000,+0.00000,0.00000,+6.283,0,44.9,44.9
14.1285,3,1,0.2750,0,+0.00000,+0.00000,0.00000,0.00,0,+0.000,+0.00000,-17.876,-0.00000,-17.80,+0.00000,0,+0.00000,+0.00000,0.00000,+6.289,0,44.9,44.9
14.1478,3,1,0.2750,0,+0.00000,+0.00000,0.00000,0.00,0,+0.000,+0.00000,-17.876,-0.00000,-17.80,+0.00000,0,+0.00000,+0.00000,0.00000,+6.294,0,44.9,44.9
14.1668,3,1,0.2750,0,+0.00000,+0.00000,0.00000,0.00,0,+0.000,+0.00000,-17.877,-0.00000,-17.80,+0.00000,0,+0.00000,+0.00000,0.00000,+6.298,0,44.9,44.9
14.1853,3,1,0.2750,0,+0.00000,+0.00000,0.00000,0.00,0,+0.000,+0.00000,-17.877,-0.00000,-17.80,+0.00000,0,+0.00000,+0.00000,0.00000,+6.302,0,44.9,44.9
14.2042,3,1,0.2750,0,+0.00000,+0.00000,0.00000,0.00,0,+0.000,+0.00000,-17.878,-0.00000,-17.80,+0.00000,0,+0.00000,+0.00000,0.00000,+6.311,0,44.3,43.3
14.2273,3,1,0.2750,0,+0.00000,+0.00000,0.00000,0.00,0,+0.000,+0.00000,-17.878,-0.00000,-17.80,+0.00000,0,+0.00000,+0.00000,0.00000,+6.315,0,44.3,43.3
14.2460,3,1,0.2750,0,+0.00000,+0.00000,0.00000,0.00,0,+0.000,+0.00000,-17.879,-0.00000,-17.80,+0.00000,0,+0.00000,+0.00000,0.00000,+6.319,0,44.3,43.3
14.2668,3,1,0.2750,0,+0.00000,+0.00000,0.00000,0.00,0,+0.000,+0.00000,-17.879,-0.00000,-17.80,+0.00000,0,+0.00000,+0.00000,0.00000,+6.326,0,44.3,43.3
14.2866,3,1,0.2750,0,+0.00000,+0.00000,0.00000,0.00,0,+0.000,+0.00000,-17.879,-0.00000,-17.80,+0.00000,0,+0.00000,+0.00000,0.00000,+6.330,0,44.3,43.3
14.3074,3,1,0.2750,0,+0.00000,+0.00000,0.00000,0.00,0,+0.000,+0.00000,-17.880,-0.00000,-17.80,+0.00000,0,+0.00000,+0.00000,0.00000,+6.336,0,44.3,43.3
14.3271,3,1,0.2750,0,+0.00000,+0.00000,0.00000,0.00,0,+0.000,+0.00000,-17.880,-0.00000,-17.80,+0.00000,0,+0.00000,+0.00000,0.00000,+6.340,0,44.3,43.3
14.3486,3,1,0.2750,0,+0.00000,+0.00000,0.00000,0.00,0,+0.000,+0.00000,-17.881,-0.00000,-17.80,+0.00000,0,+0.00000,+0.00000,0.00000,+6.346,0,44.3,43.3
14.3675,3,1,0.2750,0,+0.00000,+0.00000,0.00000,0.00,0,+0.000,+0.00000,-17.881,-0.00000,-17.80,+0.00000,0,+0.00000,+0.00000,0.00000,+6.352,0,44.3,43.3
14.3883,3,1,0.2750,0,+0.00000,+0.00000,0.00000,0.00,0,+0.000,+0.00000,-17.882,-0.00000,-17.80,+0.00000,0,+0.00000,+0.00000,0.00000,+6.356,0,44.3,43.3
14.4084,3,1,0.2750,0,+0.00000,+0.00000,0.00000,0.00,0,+0.000,+0.00000,-17.882,-0.00000,-17.80,+0.00000,0,+0.00000,+0.00000,0.00000,+6.362,0,44.3,43.3
14.4277,3,1,0.2750,0,+0.00000,+0.00000,0.00000,0.00,0,+0.000,+0.00000,-17.883,-0.00000,-17.80,+0.00000,0,+0.00000,+0.00000,0.00000,+6.366,0,44.3,43.3
14.4472,3,1,0.2750,0,+0.00000,+0.00000,0.00000,0.00,0,+0.000,+0.00000,-17.883,-0.00000,-17.80,+0.00000,0,+0.00000,+0.00000,0.00000,+6.370,0,44.3,43.3
14.4692,3,1,0.2750,0,+0.00000,+0.00000,0.00000,0.00,0,+0.000,+0.00000,-17.884,-0.00000,-17.80,+0.00000,0,+0.00000,+0.00000,0.00000,+6.378,0,44.3,43.3
14.4889,3,1,0.2750,0,+0.00000,+0.00000,0.00000,0.00,0,+0.000,+0.00000,-17.884,-0.00000,-17.80,+0.00000,0,+0.00000,+0.00000,0.00000,+6.382,0,44.3,43.3
14.5089,3,1,0.2750,0,+0.00000,+0.00000,0.00000,0.00,0,+0.000,+0.00000,-17.884,-0.00000,-17.80,+0.00000,0,+0.00000,+0.00000,0.00000,+6.385,0,44.3,43.3
14.5289,3,1,0.2750,0,+0.00000,+0.00000,0.00000,0.00,0,+0.000,+0.00000,-17.885,-0.00000,-17.80,+0.00000,0,+0.00000,+0.00000,0.00000,+6.391,0,44.3,43.3
14.5478,3,1,0.2750,0,+0.00000,+0.00000,0.00000,0.00,0,+0.000,+0.00000,-17.885,-0.00000,-17.80,+0.00000,0,+0.00000,+0.00000,0.00000,+6.395,0,44.3,43.3
14.5674,3,1,0.2750,0,+0.00000,+0.00000,0.00000,0.00,0,+0.000,+0.00000,-17.885,-0.00000,-17.80,+0.00000,0,+0.00000,+0.00000,0.00000,+6.399,0,44.3,43.3
14.5876,3,1,0.2750,0,+0.00000,+0.00000,0.00000,0.00,0,+0.000,+0.00000,-17.886,-0.00000,-17.80,+0.00000,0,+0.00000,+0.00000,0.00000,+6.402,0,44.3,43.3
14.6056,3,1,0.2750,0,+0.00000,+0.00000,0.00000,0.00,0,+0.000,+0.00000,-17.886,-0.00000,-17.80,+0.00000,0,+0.00000,+0.00000,0.00000,+6.406,0,44.3,43.3
14.6234,3,1,0.2750,0,+0.00000,+0.00000,0.00000,0.00,0,+0.000,+0.00000,-17.886,-0.00000,-17.80,+0.00000,0,+0.00000,+0.00000,0.00000,+6.410,0,44.3,43.3
14.6443,3,1,0.2750,0,+0.00000,+0.00000,0.00000,0.00,0,+0.000,+0.00000,-17.887,-0.00000,-17.80,+0.00000,0,+0.00000,+0.00000,0.00000,+6.416,0,44.3,43.3
14.6643,3,1,0.2750,0,+0.00000,+0.00000,0.00000,0.00,0,+0.000,+0.00000,-17.887,-0.00000,-17.80,+0.00000,0,+0.00000,+0.00000,0.00000,+6.419,0,44.3,43.3
14.6844,3,1,0.2750,0,+0.00000,+0.00000,0.00000,0.00,0,+0.000,+0.00000,-17.888,-0.00000,-17.80,+0.00000,0,+0.00000,+0.00000,0.00000,+6.425,0,44.3,43.3
14.7045,3,1,0.2750,0,+0.00000,+0.00000,0.00000,0.00,0,+0.000,+0.00000,-17.888,-0.00000,-17.80,+0.00000,0,+0.00000,+0.00000,0.00000,+6.428,0,44.3,43.3
