t,seg,active_gate,thrust,thrust_cmd,base_thrust,vtrim,descent_on,gate_v_ok,gate_found,u_err,v_err,size_frac,cy,steer,des_roll_deg,roll_n,est_pitch_deg,gyro_pitch,des_pitch_deg,pitch_n,tube_found,u_tube,curvature,area_frac,est_roll_deg,hold_on,loop_hz,det_hz
0.019706,0,0,0.277709,0.277709,0.2750,+0.00271,0,1,1,+0.02251,-0.01693,0.08444,176.95,0,+0.000,+0.00000,-17.800,+0.00000,-17.80,+0.00000,1,-0.01806,-0.00150,0.01782,+0.016,0,0.0,0.0
0.053713,0,0,0.278048,0.278048,0.2750,+0.00305,0,1,1,+0.02237,-0.01750,0.08480,176.85,0,+0.000,+0.00000,-17.800,+0.00000,-17.80,+0.00000,1,-0.01886,-0.00152,0.01764,+0.016,0,0.0,0.0
0.087987,0,0,0.278194,0.278194,0.2750,+0.00319,0,1,1,+0.02221,-0.01783,0.08517,176.79,0,+0.000,+0.00000,-17.802,-0.00399,-17.80,+0.00000,1,-0.01976,-0.00158,0.01761,-0.001,0,0.0,0.0
0.117300,0,0,0.276602,0.276602,0.2750,+0.00160,0,1,1,+0.02110,-0.01529,0.08352,177.25,0,+0.000,+0.00000,-17.330,+0.00064,-17.80,+0.00000,1,-0.02029,-0.00163,0.01815,+0.017,0,0.0,0.0
0.147524,0,0,0.277793,0.277793,0.2750,+0.00279,0,1,1,+0.02040,-0.01703,0.08444,176.94,0,+0.000,+0.00000,-16.531,-0.00279,-17.80,+0.00000,1,-0.02242,-0.00020,0.01897,+0.017,0,0.0,0.0
0.178670,0,0,0.277781,0.277781,0.2750,+0.00278,0,1,1,+0.02040,-0.01703,0.08444,176.94,0,+0.000,+0.00000,-15.315,+0.00290,-17.80,+0.00000,1,-0.02242,-0.00020,0.01897,+0.017,0,0.0,0.0
0.208153,0,0,0.277435,0.277435,0.2750,+0.00244,0,1,1,+0.02045,-0.01647,0.08389,177.04,0,+0.000,+0.00000,-14.447,+0.00054,-17.80,+0.00000,1,-0.17588,+0.14975,0.03548,+0.016,0,0.0,0.0
0.235737,0,0,0.277737,0.277737,0.2750,+0.00274,0,1,1,+0.02015,-0.01691,0.08315,176.96,0,+0.000,+0.00000,-13.461,+0.00017,-17.80,+0.00000,1,-0.00986,-0.02029,0.12252,+0.015,0,0.0,0.0
0.263524,0,0,0.278177,0.278177,0.2750,+0.00318,0,1,1,+0.01884,-0.01764,0.08165,176.82,0,+0.000,+0.00000,-12.711,+0.00051,-17.80,+0.00000,1,-0.00406,+0.00180,0.16444,+0.015,0,0.0,0.0
0.291975,0,0,0.278402,0.278402,0.2750,+0.00340,0,1,1,+0.01593,-0.01811,0.07071,176.74,0,+0.000,+0.00000,-11.931,+0.00046,-17.80,+0.00000,1,-0.00158,+0.00116,0.17581,+0.014,0,0.0,0.0
0.320026,0,0,0.267229,0.267229,0.2750,-0.00777,0,1,1,+0.01008,+0.00010,0.05853,180.02,0,+0.000,+0.00000,-11.192,+0.00036,-17.80,+0.00000,1,-0.00178,+0.00210,0.16972,+0.013,0,0.0,0.0
0.347925,0,0,0.250489,0.245925,0.2750,-0.02908,0,1,1,+0.01384,+0.03704,0.05092,186.67,0,+0.000,+0.00000,-10.499,+0.00034,-17.80,+0.00000,1,-0.00753,+0.00926,0.14914,+0.012,0,0.0,0.0
0.379927,0,0,0.251564,0.251564,0.2750,-0.02344,0,1,1,+0.01562,+0.03442,0.05329,186.20,0,+0.000,+0.00000,-9.490,+0.00029,-17.80,+0.00000,1,-0.01234,+0.01132,0.11662,+0.011,0,0.0,0.0
0.409809,0,0,0.254542,0.254542,0.2750,-0.02046,0,1,1,+0.01562,+0.03442,0.05329,186.20,0,+0.000,+0.00000,-9.178,+0.00024,-17.80,+0.00000,1,-0.01234,+0.01132,0.11662,+0.011,0,0.0,0.0
0.437274,0,0,0.264155,0.274098,0.2750,-0.00090,0,1,1,+0.01493,+0.00619,0.06359,181.11,0,+0.000,+0.00000,-9.177,+0.00022,-17.80,+0.00000,1,-0.00761,+0.00412,0.08116,+0.011,0,0.0,0.0
0.465849,0,0,0.274156,0.275831,0.2750,+0.00083,0,1,1,+0.01918,+0.00332,0.06667,180.60,0,+0.000,+0.00000,-9.089,+0.00020,-17.80,+0.00000,1,-0.06641,+0.06184,0.06203,+0.011,0,0.0,0.0
0.496035,0,0,0.274294,0.274294,0.2750,-0.00071,0,1,1,+0.02187,+0.00549,0.06983,180.99,0,+0.000,+0.00000,-8.715,+0.00017,-17.80,+0.00000,1,-0.07508,+0.07062,0.04714,+0.011,0,0.0,0.0
0.523918,0,0,0.271864,0.271864,0.2750,-0.00314,0,1,1,+0.02202,+0.00943,0.07412,181.70,0,+0.000,+0.00000,-8.086,+0.00015,-17.80,+0.00000,1,-0.04910,+0.03945,0.03726,+0.010,0,0.0,0.0
0.555317,0,0,0.272504,0.272504,0.2750,-0.00250,0,1,1,+0.02224,+0.00883,0.07658,181.59,0,+0.000,+0.00000,-7.795,+0.00013,-17.80,+0.00000,1,-0.05270,+0.04085,0.03386,+0.010,0,0.0,0.0
0.585520,0,0,0.273590,0.273590,0.2750,-0.00141,0,1,1,+0.02246,+0.00733,0.07798,181.32,0,+0.000,+0.00000,-7.537,+0.00011,-17.80,+0.00000,1,-0.05199,+0.03595,0.03211,+0.009,0,0.0,0.0
0.615530,0,0,0.275362,0.275362,0.2750,+0.00036,0,1,1,+0.02158,+0.00447,0.07837,180.80,0,+0.000,+0.00000,-7.101,+0.00010,-17.80,+0.00000,1,-0.04277,+0.01856,0.02923,+0.009,0,0.0,0.0
0.645726,0,0,0.276590,0.276590,0.2750,+0.00159,0,1,1,+0.02134,+0.00213,0.07915,180.38,0,+0.000,+0.00000,-6.642,+0.00009,-17.80,+0.00000,1,-0.06829,+0.03561,0.02513,+0.008,0,0.0,0.0
0.675200,0,0,0.276273,0.276273,0.2750,+0.00127,0,1,1,+0.02134,+0.00213,0.07915,180.38,0,+0.000,+0.00000,-6.261,+0.00008,-17.80,+0.00000,1,-0.06829,+0.03561,0.02513,+0.008,0,0.0,0.0
0.706901,0,0,0.283333,0.283333,0.2750,+0.00833,0,1,1,+0.02129,-0.01010,0.07798,178.18,0,+0.000,+0.00000,-5.957,+0.00007,-17.80,+0.00000,1,-0.12143,+0.08409,0.02211,+0.007,0,0.0,0.0
0.739390,0,0,0.287280,0.287280,0.2750,+0.01228,0,1,1,+0.02147,-0.01869,0.08127,176.64,0,+0.000,+0.00000,-5.602,+0.00006,-17.80,+0.00000,1,-0.08929,+0.04598,0.01763,+0.007,0,0.0,0.0
0.767668,0,0,0.289123,0.289123,0.2750,+0.01412,0,1,1,+0.02157,-0.02414,0.08352,175.65,0,+0.000,+0.00000,-5.333,+0.00005,-17.80,+0.00000,0,+0.00000,+0.00000,0.01243,+0.006,0,0.0,0.0
0.799371,0,0,0.288492,0.288492,0.2750,+0.01349,0,1,1,+0.02100,-0.02607,0.08444,175.31,0,+0.000,+0.00000,-5.039,+0.00005,-17.80,+0.00000,0,+0.00000,+0.00000,0.00903,+0.006,0,0.0,0.0
0.829440,0,0,0.288852,0.288852,0.2750,+0.01385,0,1,1,+0.02116,-0.02924,0.08589,174.74,0,+0.000,+0.00000,-4.785,+0.00004,-17.80,+0.00000,0,+0.00000,+0.00000,0.00709,+0.006,0,0.0,0.0
0.857460,0,0,0.287833,0.287833,0.2750,+0.01283,0,1,1,+0.02016,-0.02994,0.08589,174.61,0,+0.000,+0.00000,-4.868,+0.00004,-17.80,+0.00000,0,+0.00000,+0.00000,0.00519,+0.005,0,0.0,0.0
0.885789,0,0,0.287870,0.287870,0.2750,+0.01287,0,1,1,+0.02001,-0.03210,0.08660,174.22,0,+0.000,+0.00000,-4.629,+0.00003,-17.80,+0.00000,0,+0.00000,+0.00000,0.00344,+0.005,0,0.0,0.0
0.913344,0,0,0.286669,0.286669,0.2750,+0.01167,0,1,1,+0.02001,-0.03210,0.08660,174.22,0,+0.000,+0.00000,-4.501,+0.00003,-17.80,+0.00000,0,+0.00000,+0.00000,0.00344,+0.005,0,0.0,0.0
0.940145,0,0,0.284741,0.284741,0.2750,+0.00974,0,1,1,+0.01870,-0.03057,0.08480,174.50,0,+0.000,+0.00000,-4.374,+0.00002,-17.80,+0.00000,0,+0.00000,+0.00000,0.00187,+0.005,0,0.0,0.0
0.965956,0,0,0.288196,0.288196,0.2750,+0.01320,0,1,1,+0.01730,-0.03734,0.08872,173.28,0,+0.000,+0.00000,-4.248,+0.00002,-17.80,+0.00000,0,+0.00000,+0.00000,0.00177,+0.004,0,0.0,0.0
0.992009,0,0,0.286282,0.286282,0.2750,+0.01128,0,1,1,+0.01567,-0.03597,0.09129,173.53,0,+0.000,+0.00000,-4.073,+0.00002,-17.80,+0.00000,0,+0.00000,+0.00000,0.00174,+0.004,0,0.0,0.0
1.018738,0,0,0.287096,0.287096,0.2750,+0.01210,0,1,1,+0.01634,-0.03866,0.09078,173.04,0,+0.000,+0.00000,-3.962,+0.00002,-17.80,+0.00000,0,+0.00000,+0.00000,0.00177,+0.004,0,35.0,34.0
1.047977,0,0,0.285730,0.285730,0.2750,+0.01073,0,1,1,+0.01512,-0.03800,0.09196,173.16,0,+0.000,+0.00000,-3.788,+0.00001,-17.80,+0.00000,0,+0.00000,+0.00000,0.00197,+0.004,0,35.0,34.0
1.073669,0,0,0.285050,0.285050,0.2750,+0.01005,0,1,1,+0.01512,-0.03800,0.09196,173.16,0,+0.000,+0.00000,-3.683,+0.00001,-17.80,+0.00000,0,+0.00000,+0.00000,0.00197,+0.003,0,35.0,34.0
1.101604,0,0,0.284258,0.284258,0.2750,+0.00926,0,1,1,+0.01561,-0.03772,0.09146,173.21,0,+0.000,+0.00000,-3.627,+0.00001,-17.80,+0.00000,0,+0.00000,+0.00000,0.00211,+0.003,0,35.0,34.0
1.127641,0,0,0.282510,0.282510,0.2750,+0.00751,0,1,1,+0.01533,-0.03565,0.09263,173.58,0,+0.000,+0.00000,-3.559,+0.00001,-17.80,+0.00000,0,+0.00000,+0.00000,0.00239,+0.003,0,35.0,34.0
1.155021,0,0,0.281511,0.281511,0.2750,+0.00651,0,1,1,+0.01426,-0.03447,0.09179,173.79,0,+0.000,+0.00000,-3.507,+0.00001,-17.80,+0.00000,0,+0.00000,+0.00000,0.00254,+0.003,0,35.0,34.0
1.187865,0,0,0.281902,0.281902,0.2750,+0.00690,0,1,1,+0.01413,-0.03543,0.09230,173.62,0,+0.000,+0.00000,-3.422,+0.00001,-17.80,+0.00000,0,+0.00000,+0.00000,0.00436,+0.003,0,35.0,34.0
1.219162,0,0,0.280218,0.280218,0.2750,+0.00522,0,1,1,+0.01663,-0.03298,0.09346,174.06,0,+0.000,+0.00000,-3.443,+0.00001,-17.80,+0.00000,0,+0.00000,+0.00000,0.00688,+0.003,0,35.0,34.0
1.249290,0,0,0.279943,0.279943,0.2750,+0.00494,0,1,1,+0.01694,-0.03251,0.09346,174.15,0,+0.000,+0.00000,-3.407,+0.00001,-17.80,+0.00000,0,+0.00000,+0.00000,0.00899,+0.002,0,35.0,34.0
1.279178,0,0,0.279986,0.279986,0.2750,+0.00499,0,1,1,+0.01694,-0.03251,0.09346,174.15,0,+0.000,+0.00000,-3.411,+0.00001,-17.80,+0.00000,0,+0.00000,+0.00000,0.00899,+0.002,0,35.0,34.0
1.310940,0,0,0.285195,0.285195,0.2750,+0.01020,0,1,1,+0.01820,-0.04113,0.09750,172.60,0,+0.000,+0.00000,-3.390,+0.00000,-17.80,+0.00000,0,+0.00000,+0.00000,0.03316,+0.002,0,35.0,34.0
1.343008,0,0,0.285335,0.285335,0.2750,+0.01033,0,1,1,+0.01915,-0.04242,0.09829,172.36,0,+0.000,+0.00000,-3.432,+0.00000,-17.80,+0.00000,0,+0.00000,+0.00000,0.05575,+0.002,0,35.0,34.0
1.371876,0,0,0.284585,0.284585,0.2750,+0.00959,0,1,1,+0.01903,-0.04213,0.09813,172.42,0,+0.000,+0.00000,-3.426,+0.00000,-17.80,+0.00000,0,+0.00000,+0.00000,0.06441,+0.002,0,35.0,34.0
1.403343,0,0,0.284092,0.284092,0.2750,+0.00909,0,1,1,+0.01855,-0.04213,0.09813,172.42,0,+0.000,+0.00000,-3.468,+0.00000,-17.80,+0.00000,0,+0.00000,+0.00000,0.06786,+0.002,0,35.0,34.0
1.431716,0,0,0.284093,0.284093,0.2750,+0.00909,0,1,1,+0.01879,-0.04275,0.09844,172.31,0,+0.000,+0.00000,-3.399,+0.00000,-17.80,+0.00000,0,+0.00000,+0.00000,0.06813,+0.002,0,35.0,34.0
1.465251,0,0,0.283194,0.283194,0.2750,+0.00819,0,1,1,+0.01855,-0.04193,0.09766,172.45,0,+0.000,+0.00000,-3.479,+0.00000,-17.80,+0.00000,0,+0.00000,+0.00000,0.06463,+0.002,0,35.0,34.0
1.497722,0,0,0.282929,0.282929,0.2750,+0.00793,0,1,1,+0.01845,-0.04193,0.09766,172.45,0,+0.000,+0.00000,-3.504,+0.00000,-17.80,+0.00000,0,+0.00000,+0.00000,0.06134,+0.001,0,35.0,34.0
1.526659,0,0,0.283172,0.283172,0.2750,+0.00817,0,1,1,+0.01849,-0.04265,0.09782,172.32,0,+0.000,+0.00000,-3.534,+0.00000,-17.80,+0.00000,0,+0.00000,+0.00000,0.05522,+0.001,0,35.0,34.0
1.555634,0,0,0.283616,0.283616,0.2750,+0.00862,0,1,1,+0.01769,-0.04374,0.09639,172.13,0,+0.000,+0.00000,-3.498,+0.00000,-17.80,+0.00000,0,+0.00000,+0.00000,0.04141,+0.001,0,35.0,34.0
1.585067,0,0,0.280774,0.280774,0.2750,+0.00577,0,1,1,+0.01867,-0.03949,0.09558,172.89,0,+0.000,+0.00000,-3.641,+0.00000,-17.80,+0.00000,0,+0.00000,+0.00000,0.03305,+0.001,0,35.0,34.0
1.613912,0,0,0.280861,0.280861,0.2750,+0.00586,0,1,1,+0.01867,-0.03949,0.09558,172.89,0,+0.000,+0.00000,-3.706,+0.00000,-17.80,+0.00000,0,+0.00000,+0.00000,0.03305,+0.001,0,35.0,34.0
1.643009,0,0,0.277390,0.277390,0.2750,+0.00239,0,1,1,+0.01842,-0.03365,0.09379,173.94,0,+0.000,+0.00000,-3.819,+0.00000,-17.80,+0.00000,0,+0.00000,+0.00000,0.02662,+0.001,0,35.0,34.0
1.672750,0,0,0.277266,0.277266,0.2750,+0.00227,0,1,1,+0.02104,-0.03262,0.09313,174.13,0,+0.000,+0.00000,-3.993,+0.00000,-17.80,+0.00000,0,+0.00000,+0.00000,0.02167,+0.001,0,35.0,34.0
1.699657,0,0,0.275376,0.275376,0.2750,+0.00038,0,1,1,+0.02272,-0.02880,0.09246,174.82,0,+0.000,+0.00000,-4.050,+0.00000,-17.80,+0.00000,0,+0.00000,+0.00000,0.01738,+0.001,0,35.0,34.0
1.731217,0,0,0.276106,0.276106,0.2750,+0.00111,0,1,1,+0.02311,-0.02879,0.09196,174.82,0,+0.000,+0.00000,-4.286,+0.00000,-17.80,+0.00000,0,+0.00000,+0.00000,0.01553,+0.001,0,35.0,34.0
1.757521,0,0,0.277276,0.277276,0.2750,+0.00228,0,1,1,+0.01946,-0.02985,0.09461,174.63,0,+0.000,+0.00000,-4.510,+0.00000,-17.80,+0.00000,0,+0.00000,+0.00000,0.01398,+0.001,0,35.0,34.0
1.786165,0,0,0.278980,0.278980,0.2750,+0.00398,0,1,1,+0.01850,-0.03199,0.09590,174.24,0,+0.000,+0.00000,-4.671,+0.00000,-17.80,+0.00000,0,+0.00000,+0.00000,0.01263,+0.001,0,35.0,34.0
1.814975,0,0,0.280224,0.280224,0.2750,+0.00522,0,1,1,+0.01836,-0.03374,0.09670,173.93,0,+0.000,+0.00000,-4.722,+0.00000,-17.80,+0.00000,0,+0.00000,+0.00000,0.01205,+0.001,0,35.0,34.0
1.845921,0,0,0.280254,0.280254,0.2750,+0.00525,0,1,1,+0.01836,-0.03374,0.09670,173.93,0,+0.000,+0.00000,-4.862,+0.00000,-17.80,+0.00000,0,+0.00000,+0.00000,0.01205,+0.001,0,35.0,34.0
1.876566,0,0,0.288343,0.288343,0.2750,+0.01334,0,1,1,+0.01792,-0.04712,0.10199,171.52,1,-1.232,-0.00538,-4.943,+0.00000,-17.80,+0.00000,0,+0.00000,+0.00000,0.01154,+0.001,0,35.0,34.0
1.903961,0,0,0.287447,0.287447,0.2750,+0.01245,0,1,1,+0.01792,-0.04712,0.10199,171.52,1,-1.232,-0.00538,-5.030,+0.00000,-17.80,+0.00000,0,+0.00000,+0.00000,0.01154,+0.001,0,35.0,34.0
1.932909,0,0,0.287632,0.287632,0.2750,+0.01263,0,1,1,+0.02013,-0.04873,0.10319,171.23,1,-1.384,-0.00576,-5.090,+0.00000,-17.80,+0.00000,0,+0.00000,+0.00000,0.01062,-0.027,0,35.0,34.0
1.965811,0,0,0.286506,0.286506,0.2750,+0.01151,0,1,1,+0.02281,-0.04830,0.10628,171.31,1,-1.569,-0.00595,-5.262,+0.00000,-17.80,+0.00000,0,+0.00000,+0.00000,0.01021,-0.140,0,35.0,34.0
1.996560,0,0,0.285694,0.285694,0.2750,+0.01069,0,1,1,+0.02193,-0.04802,0.10730,171.36,1,-1.508,-0.00529,-5.368,+0.00000,-17.80,+0.00000,0,+0.00000,+0.00000,0.00979,-0.235,0,35.0,34.0
2.027170,0,0,0.284258,0.284258,0.2750,+0.00926,0,1,1,+0.02153,-0.04648,0.10773,171.63,1,-1.480,-0.00479,-5.548,+0.00000,-17.80,+0.00000,0,+0.00000,+0.00000,0.00967,-0.319,0,33.7,33.7
2.055653,0,0,0.285484,0.285484,0.2750,+0.01048,0,1,1,+0.01841,-0.04898,0.11507,171.18,1,-1.266,-0.00356,-5.627,+0.00000,-17.80,+0.00000,0,+0.00000,+0.00000,0.00928,-0.392,0,33.7,33.7
2.082842,0,0,0.285703,0.285703,0.2750,+0.01070,0,1,1,+0.01759,-0.05000,0.11547,171.00,1,-1.210,-0.00308,-5.693,-0.00000,-17.80,+0.00000,0,+0.00000,+0.00000,0.00908,-0.450,0,33.7,33.7
2.113699,0,0,0.285242,0.285242,0.2750,+0.01024,0,1,1,+0.01759,-0.05000,0.11547,171.00,1,-1.210,-0.00293,-5.828,+0.00000,-17.80,+0.00000,0,+0.00000,+0.00000,0.00908,-0.499,0,33.7,33.7
2.143540,0,0,0.284413,0.284413,0.2750,+0.00941,0,1,1,+0.01852,-0.04924,0.11467,171.14,1,-1.273,-0.00316,-5.942,+0.00000,-17.80,+0.00000,0,+0.00000,+0.00000,0.00907,-0.516,0,33.7,33.7
2.172979,0,0,0.284396,0.284396,0.2750,+0.00940,0,1,1,+0.01982,-0.04963,0.11413,171.07,1,-1.362,-0.00350,-6.078,+0.00000,-17.80,+0.00000,0,+0.00000,+0.00000,0.00895,-0.530,0,33.7,33.7
2.205263,0,0,0.284790,0.284790,0.2750,+0.00979,0,1,1,+0.01985,-0.05072,0.11235,170.87,1,-1.365,-0.00341,-6.181,+0.00000,-17.80,+0.00000,0,+0.00000,+0.00000,0.00888,-0.549,0,33.7,33.7
2.235377,0,0,0.285341,0.285341,0.2750,+0.01034,0,1,1,+0.01911,-0.05210,0.11263,170.62,1,-1.314,-0.00308,-6.314,+0.00000,-17.80,+0.00000,0,+0.00000,+0.00000,0.00891,-0.569,0,33.7,33.7
2.263157,0,0,0.283859,0.283859,0.2750,+0.00886,0,1,1,+0.01470,-0.05018,0.11547,170.97,1,-1.011,-0.00167,-6.403,+0.00000,-17.80,+0.00000,0,+0.00000,+0.00000,0.00888,-0.589,0,33.7,33.7
2.293617,0,0,0.284511,0.284511,0.2750,+0.00951,0,1,1,+0.01543,-0.05149,0.11693,170.73,1,-1.061,-0.00184,-6.540,-0.00000,-17.80,+0.00000,0,+0.00000,+0.00000,0.00885,-0.605,0,33.7,33.7
2.326668,0,0,0.284056,0.284056,0.2750,+0.00906,0,1,1,+0.01489,-0.05112,0.11954,170.80,1,-1.024,-0.00180,-6.737,+0.00000,-17.80,+0.00000,0,+0.00000,+0.00000,0.00888,-0.594,0,33.7,33.7
2.356982,0,0,0.281105,0.281105,0.2750,+0.00610,0,1,1,+0.01694,-0.04647,0.11993,171.64,1,-1.165,-0.00247,-6.853,-0.00000,-17.80,+0.00000,0,+0.00000,+0.00000,0.00882,-0.580,0,33.7,33.7
2.389035,0,0,0.281916,0.281916,0.2750,+0.00692,0,1,1,+0.01753,-0.04743,0.12070,171.46,1,-1.205,-0.00270,-7.007,-0.00000,-17.80,+0.00000,0,+0.00000,+0.00000,0.00874,-0.565,0,33.7,33.7
2.421027,0,0,0.281911,0.281911,0.2750,+0.00691,0,1,1,+0.01506,-0.04723,0.12057,171.50,1,-1.036,-0.00193,-7.119,-0.00000,-17.80,+0.00000,0,+0.00000,+0.00000,0.00914,-0.566,0,33.7,33.7
2.451555,0,0,0.279876,0.279876,0.2750,+0.00488,0,1,1,+0.01353,-0.04367,0.12298,172.14,1,-0.930,-0.00145,-7.284,+0.00000,-17.80,+0.00000,0,+0.00000,+0.00000,0.00954,-0.569,0,33.7,33.7
2.482856,0,0,0.281490,0.281490,0.2750,+0.00649,0,1,1,+0.01561,-0.04575,0.12447,171.76,1,-1.073,-0.00208,-7.396,+0.00000,-17.80,+0.00000,0,+0.00000,+0.00000,0.01185,-0.573,0,33.7,33.7
2.517535,0,0,0.281394,0.281394,0.2750,+0.00639,0,1,1,+0.01676,-0.04533,0.12632,171.84,1,-1.152,-0.00251,-7.520,+0.00000,-17.80,+0.00000,0,+0.00000,+0.00000,0.02518,-0.563,0,33.7,33.7
2.550530,0,0,0.281548,0.281548,0.2750,+0.00655,0,1,1,+0.01676,-0.04533,0.12632,171.84,1,-1.152,-0.00251,-7.664,+0.00000,-17.80,+0.00000,0,+0.00000,+0.00000,0.02518,-0.553,0,33.7,33.7
2.580883,0,0,0.281432,0.281432,0.2750,+0.00643,0,1,1,+0.01596,-0.04494,0.12656,171.91,1,-1.097,-0.00223,-7.781,+0.00000,-17.80,+0.00000,0,+0.00000,+0.00000,0.03959,-0.557,0,33.7,33.7
2.612696,0,0,0.279584,0.279584,0.2750,+0.00458,0,1,1,+0.01363,-0.04164,0.12886,172.51,1,-0.937,-0.00150,-7.903,-0.00000,-17.80,+0.00000,0,+0.00000,+0.00000,0.05832,-0.566,0,33.7,33.7
2.643522,0,0,0.277870,0.277870,0.2750,+0.00287,0,1,1,+0.01337,-0.03820,0.13029,173.12,1,-0.920,-0.00142,-8.014,-0.00000,-17.80,+0.00000,0,+0.00000,+0.00000,0.06970,-0.569,0,33.7,33.7
2.673327,0,0,0.260442,0.260442,0.2750,-0.01456,0,1,1,+0.01380,-0.00850,0.12298,178.47,1,-0.949,-0.00165,-8.158,+0.00000,-17.80,+0.00000,0,+0.00000,+0.00000,0.08013,-0.556,0,33.7,33.7
2.705305,0,0,0.263239,0.263239,0.2750,-0.01176,0,1,1,+0.01380,-0.00850,0.12298,178.47,1,-0.949,-0.00171,-8.303,+0.00000,-17.80,+0.00000,0,+0.00000,+0.00000,0.08013,-0.541,0,33.7,33.7
2.736959,0,0,0.259886,0.259886,0.2750,-0.01511,0,1,1,+0.00862,+0.00089,0.12108,180.16,1,-0.593,-0.00021,-8.546,+0.00000,-17.80,+0.00000,0,+0.00000,+0.00000,0.06612,-0.526,0,33.7,33.7
2.767497,0,0,0.260399,0.260399,0.2750,-0.01460,0,1,1,+0.00911,+0.00424,0.12235,180.76,1,-0.626,-0.00040,-8.790,-0.00000,-17.80,+0.00000,0,+0.00000,+0.00000,0.06322,-0.517,0,33.7,33.7
2.798016,0,0,0.261151,0.261151,0.2750,-0.01385,0,1,1,+0.00990,+0.00689,0.12298,181.24,1,-0.681,-0.00075,-9.019,+0.00000,-17.80,+0.00000,0,+0.00000,+0.00000,0.05780,-0.503,0,33.7,33.7
2.830113,0,0,0.263176,0.263176,0.2750,-0.01182,0,1,1,+0.00882,+0.00726,0.12595,181.31,1,-0.606,-0.00056,-9.232,+0.00000,-17.80,+0.00000,0,+0.00000,+0.00000,0.04911,-0.474,0,33.7,33.7
2.861641,0,0,0.264652,0.264652,0.2750,-0.01035,0,1,1,+0.00884,+0.00789,0.12886,181.42,1,-0.608,-0.00064,-9.398,-0.00000,-17.80,+0.00000,0,+0.00000,+0.00000,0.03582,-0.453,0,33.7,33.7
2.890829,0,0,0.266711,0.266711,0.2750,-0.00829,0,1,1,+0.00991,+0.00693,0.13194,181.25,1,-0.681,-0.00099,-9.528,-0.00000,-17.80,+0.00000,0,+0.00000,+0.00000,0.02771,-0.446,0,33.7,33.7
2.921774,0,0,0.273168,0.273168,0.2750,-0.00183,0,1,1,+0.01135,-0.00175,0.13574,179.69,1,-0.780,-0.00152,-9.667,-0.00000,-17.80,+0.00000,0,+0.00000,+0.00000,0.02527,-0.426,0,33.7,33.7
2.956018,0,0,0.282468,0.282468,0.2750,+0.00747,0,1,1,+0.01264,-0.01674,0.14519,176.99,1,-0.869,-0.00197,-9.823,+0.00000,-17.80,+0.00000,0,+0.00000,+0.00000,0.02458,-0.407,0,33.7,33.7
2.989922,0,0,0.287663,0.287663,0.2750,+0.01266,0,1,1,+0.01424,-0.02695,0.15275,175.15,1,-0.979,-0.00245,-9.957,+0.00000,-17.80,+0.00000,0,+0.00000,+0.00000,0.02619,-0.401,0,33.7,33.7
3.023162,0,0,0.289756,0.289756,0.2750,+0.01476,0,1,1,+0.01298,-0.03300,0.15763,174.06,1,-0.893,-0.00205,-10.077,+0.00000,-17.80,+0.00000,0,+0.00000,+0.00000,0.02878,-0.402,0,33.7,33.7
3.054450,0,0,0.291040,0.291040,0.2750,+0.01604,0,1,1,+0.01266,-0.03786,0.16311,173.19,1,-0.870,-0.00186,-10.127,+0.00000,-17.80,+0.00000,0,+0.00000,+0.00000,0.03182,-0.419,0,32.1,32.1
3.086586,0,0,0.289908,0.289908,0.2750,+0.01491,0,1,1,+0.01367,-0.03891,0.16694,173.00,1,-0.940,-0.00215,-10.206,+0.00000,-17.80,+0.00000,0,+0.00000,+0.00000,0.03599,-0.425,0,32.1,32.1
3.122999,0,0,0.288615,0.288615,0.2750,+0.01362,0,1,1,+0.01151,-0.03959,0.17168,172.87,1,-0.791,-0.00164,-10.388,+0.00000,-17.80,+0.00000,0,+0.00000,+0.00000,0.04710,-0.397,0,32.1,32.1
3.158287,0,0,0.267443,0.258247,0.2750,-0.01675,0,1,1,+0.01511,+0.00938,0.18692,181.69,1,-1.039,-0.00273,-10.475,+0.00000,-17.80,+0.00000,0,+0.00000,+0.00000,0.06261,-0.391,0,32.1,32.1
3.191932,0,0,0.262468,0.262468,0.2750,-0.01253,0,1,1,+0.01437,+0.00699,0.18889,181.26,1,-0.988,-0.00248,-10.502,+0.00000,-17.80,+0.00000,0,+0.00000,+0.00000,0.06966,-0.400,0,32.1,32.1
3.232201,0,0,0.263519,0.263519,0.2750,-0.01148,0,1,1,+0.01460,+0.00934,0.19476,181.68,1,-1.003,-0.00243,-10.652,+0.00000,-17.80,+0.00000,0,+0.00000,+0.00000,0.05624,-0.419,0,32.1,32.1
3.271562,0,0,0.267618,0.267618,0.2750,-0.00738,0,1,1,+0.01396,+0.00587,0.19954,181.06,1,-0.960,-0.00211,-10.877,-0.00000,-17.80,+0.00000,0,+0.00000,+0.00000,0.03607,-0.449,0,32.1,32.1
3.347152,0,0,0.271226,0.271226,0.2750,-0.00377,0,1,1,+0.01282,+0.00305,0.20450,180.55,1,-0.881,-0.00181,-11.400,-0.00000,-17.80,+0.00000,0,+0.00000,+0.00000,0.02360,-0.439,0,32.1,32.1
3.387534,0,0,0.272513,0.272513,0.2750,-0.00249,0,1,1,+0.01077,+0.00203,0.21459,180.37,1,-0.741,-0.00116,-11.577,-0.00000,-17.80,+0.00000,0,+0.00000,+0.00000,0.02187,-0.452,0,32.1,32.1
3.421527,0,0,0.275219,0.275219,0.2750,+0.00022,0,1,1,+0.00784,-0.00185,0.22402,179.67,1,-0.539,-0.00029,-11.704,-0.00000,-17.80,+0.00000,0,+0.00000,+0.00000,0.03070,-0.452,0,32.1,32.1
3.461018,0,0,0.277592,0.277592,0.2750,+0.00259,0,1,1,+0.00704,-0.00589,0.22960,178.94,1,-0.484,-0.00018,-11.835,-0.00000,-17.80,+0.00000,0,+0.00000,+0.00000,0.01429,-0.430,0,32.1,32.1
3.499869,0,0,0.276473,0.276473,0.2750,+0.00147,0,1,1,+0.00538,-0.00456,0.23439,179.18,1,-0.370,+0.00016,-11.942,-0.00000,-17.80,+0.00000,0,+0.00000,+0.00000,0.01471,-0.403,0,32.1,32.1
3.538067,0,0,0.278103,0.278103,0.2750,+0.00310,0,1,1,+0.00417,-0.00760,0.24152,178.63,1,-0.287,+0.00028,-12.066,-0.00000,-17.80,+0.00000,0,+0.00000,+0.00000,0.01491,-0.348,0,32.1,32.1
3.578066,0,0,0.278646,0.278646,0.2750,+0.00365,0,1,1,+0.00294,-0.00922,0.24539,178.34,1,-0.202,+0.00033,-12.212,-0.00000,-17.80,+0.00000,0,+0.00000,+0.00000,0.01526,-0.279,0,32.1,32.1
3.618701,0,0,0.283056,0.283056,0.2750,+0.00806,0,1,1,-0.00031,-0.01763,0.25844,176.83,1,+0.021,+0.00110,-12.303,+0.00000,-17.80,+0.00000,0,+0.00000,+0.00000,0.01571,-0.233,0,32.1,32.1
3.659978,0,0,0.283278,0.283278,0.2750,+0.00828,0,1,1,-0.00208,-0.01996,0.26632,176.41,1,+0.143,+0.00146,-12.383,+0.00000,-17.80,+0.00000,0,+0.00000,+0.00000,0.01559,-0.193,0,32.1,32.1
3.697687,0,0,0.283423,0.283423,0.2750,+0.00842,0,1,1,-0.00395,-0.02195,0.27454,176.05,1,+0.271,+0.00178,-12.455,+0.00000,-17.80,+0.00000,0,+0.00000,+0.00000,0.01503,-0.148,0,32.1,32.1
3.739218,0,0,0.284662,0.284662,0.2750,+0.00966,0,1,1,-0.00564,-0.02594,0.28208,175.33,1,+0.388,+0.00202,-12.512,-0.00000,-17.80,+0.00000,0,+0.00000,+0.00000,0.01342,-0.091,0,32.1,32.1
3.779355,0,0,0.283448,0.283448,0.2750,+0.00845,0,1,1,-0.00770,-0.02585,0.29054,175.35,1,+0.529,+0.00238,-12.566,-0.00000,-17.80,+0.00000,0,+0.00000,+0.00000,0.01187,-0.035,0,32.1,32.1
3.823438,0,0,0.285604,0.285604,0.2750,+0.01060,0,1,1,-0.01059,-0.03133,0.30154,174.36,1,+0.728,+0.00295,-12.620,-0.00000,-17.80,+0.00000,0,+0.00000,+0.00000,0.02279,+0.030,0,32.1,32.1
3.866545,0,0,0.285314,0.285314,0.2750,+0.01031,0,1,1,-0.01736,-0.03300,0.32313,174.06,1,+1.193,+0.00470,-12.675,-0.00000,-17.80,+0.00000,0,+0.00000,+0.00000,0.04410,+0.090,0,32.1,32.1
3.912361,0,0,0.282006,0.282006,0.2750,+0.00701,0,1,1,-0.02308,-0.02926,0.34677,174.73,1,+1.587,+0.00607,-12.729,-0.00000,-17.80,+0.00000,0,+0.00000,+0.00000,0.01702,+0.163,0,32.1,32.1
3.966908,0,0,0.281124,0.281124,0.2750,+0.00612,0,1,1,-0.02632,-0.02878,0.36004,174.82,1,+1.809,+0.00628,-12.873,-0.00000,-17.80,+0.00000,0,+0.00000,+0.00000,0.00476,+0.318,0,32.1,32.1
4.018367,0,0,0.279010,0.279010,0.2750,+0.00401,0,1,1,-0.03196,-0.02568,0.38160,175.38,1,+2.198,+0.00726,-12.990,+0.00000,-17.80,+0.00000,0,+0.00000,+0.00000,0.00034,+0.469,0,32.1,32.1
4.073839,0,0,0.276381,0.276381,0.2750,+0.00138,0,1,1,-0.04056,-0.02085,0.41903,176.25,1,+2.788,+0.00906,-13.169,+0.00000,-17.80,+0.00000,0,+0.00000,+0.00000,0.00035,+0.645,0,23.5,23.5
4.133632,1,0,0.275568,0.275568,0.2750,+0.00057,0,1,1,-0.04716,-0.01832,0.43977,176.70,1,+3.242,+0.01032,-13.281,+0.00000,-17.80,+0.00000,0,+0.00000,+0.00000,0.00168,+0.798,0,23.5,23.5
4.199041,1,0,0.269791,0.269791,0.2750,-0.00521,0,1,1,-0.05977,-0.00609,0.50003,178.90,1,+4.110,+0.01298,-13.499,+0.00000,-17.80,+0.00000,1,-0.31796,+0.00000,0.01572,+1.035,0,23.5,23.5
4.272023,1,0,0.262560,0.262560,0.2750,-0.01244,0,1,1,-0.07874,+0.01175,0.57615,182.11,1,+5.414,+0.01745,-13.711,+0.00000,-17.80,+0.00000,1,-0.49987,+0.00000,0.03404,+1.303,0,23.5,23.5
4.352958,1,0,0.262560,0.262560,0.2750,-0.01244,0,0,0,+0.00000,+0.00000,0.00000,0.00,0,+0.000,+0.00000,-14.078,+0.00000,-17.80,+0.00000,1,-0.28136,+0.00000,0.04523,+1.693,0,23.5,23.5
4.401661,1,0,0.262560,0.262560,0.2750,-0.01244,0,0,0,+0.00000,+0.00000,0.00000,0.00,0,+0.000,+0.00000,-14.324,+0.00000,-17.80,+0.00000,1,-0.18894,+0.00000,0.02888,+1.989,0,23.5,23.5
4.465677,1,0,0.262560,0.262560,0.2750,-0.01244,0,0,0,+0.00000,+0.00000,0.00000,0.00,0,+0.000,+0.00000,-14.651,+0.00000,-17.80,+0.00000,1,-0.15600,+0.00000,0.02551,+1.851,0,23.5,23.5
4.530302,1,0,0.262560,0.262560,0.2750,-0.01244,0,0,0,+0.00000,+0.00000,0.00000,0.00,0,+0.000,+0.00000,-14.873,+0.00000,-17.80,+0.00000,1,-0.16768,+0.00000,0.02014,+1.650,0,23.5,23.5
4.582931,1,0,0.262560,0.262560,0.2750,-0.01244,0,0,0,+0.00000,+0.00000,0.00000,0.00,0,+0.000,+0.00000,-15.053,-0.00000,-17.80,+0.00000,1,-0.17088,+0.00000,0.02807,+1.477,0,23.5,23.5
4.625540,1,0,0.277473,0.281163,0.2750,+0.00616,0,1,1,+0.90148,-0.02334,0.41160,175.80,1,-11.000,-0.05000,-15.169,+0.00000,-17.80,+0.00000,1,-0.06781,+0.00000,0.02748,+1.358,0,23.5,23.5
4.684024,1,0,0.242382,0.225000,0.2750,-0.05000,0,1,1,+0.04809,+0.48257,0.09797,266.86,0,+0.000,+0.00000,-15.317,+0.00000,-17.80,+0.00000,1,+0.02495,+0.00000,0.00784,+1.209,0,23.5,23.5
4.713702,1,0,0.225000,0.225000,0.2750,-0.05000,0,1,1,+0.04756,+0.49049,0.09813,268.29,0,+0.000,+0.00000,-15.362,-0.00000,-17.80,+0.00000,1,+0.05079,+0.00000,0.00682,+0.788,0,23.5,23.5
4.740579,1,0,0.225000,0.225000,0.2750,-0.05000,0,1,1,+0.04756,+0.49049,0.09813,268.29,0,+0.000,+0.00000,-15.450,-0.00000,-17.80,+0.00000,1,+0.05079,+0.00000,0.00682,+0.226,0,23.5,23.5
4.769162,1,1,0.225000,0.225000,0.2750,-0.05000,1,1,1,+0.04943,+0.49371,0.09907,268.87,0,+6.000,+0.02517,-15.504,+0.00000,-17.80,+0.00000,1,+0.05707,+0.00000,0.00653,+0.146,0,23.5,23.5
4.800093,1,1,0.225000,0.225000,0.2750,-0.05000,1,1,1,+0.04859,+0.49792,0.10184,269.62,1,+2.659,+0.01024,-15.504,-0.00000,-17.80,+0.00000,1,+0.05376,+0.00000,0.00655,+0.281,0,23.5,23.5
4.828485,1,1,0.225000,0.225000,0.2750,-0.05000,1,1,1,+0.04696,+0.50472,0.10015,270.85,1,+2.771,+0.00928,-15.505,-0.00000,-17.80,+0.00000,1,+0.04872,+0.00000,0.00685,+0.452,0,23.5,23.5
4.856825,1,1,0.225000,0.225000,0.2750,-0.05000,1,1,1,+0.04709,+0.50625,0.10393,271.13,1,+2.762,+0.00748,-15.506,-0.00000,-17.80,+0.00000,1,+0.05017,+0.00000,0.00673,+0.893,0,23.5,23.5
4.884773,1,1,0.225000,0.225000,0.2750,-0.05000,1,1,1,+0.04879,+0.51440,0.10467,272.59,1,+2.646,+0.00659,-15.506,-0.00000,-17.80,+0.00000,1,+0.04578,+0.00000,0.00673,+1.051,0,23.5,23.5
4.912895,1,1,0.225000,0.225000,0.2750,-0.05000,1,1,1,+0.04879,+0.51440,0.10467,272.59,1,+2.646,+0.00604,-15.507,-0.00000,-17.80,+0.00000,1,+0.04578,+0.00000,0.00673,+1.182,0,23.5,23.5
4.939489,1,1,0.225000,0.225000,0.2750,-0.05000,1,1,1,+0.04908,+0.51901,0.10844,273.42,1,+2.625,+0.00541,-15.508,-0.00000,-17.80,+0.00000,1,+0.04469,+0.00000,0.00696,+1.316,0,23.5,23.5
4.968615,1,1,0.225000,0.225000,0.2750,-0.05000,1,1,1,+0.05042,+0.52479,0.10901,274.46,1,+2.533,+0.00470,-15.572,+0.00000,-17.80,+0.00000,1,+0.03673,+0.00000,0.00715,+1.390,0,23.5,23.5
4.996031,1,1,0.225000,0.225000,0.2750,-0.05000,1,1,1,+0.05055,+0.52866,0.10872,275.16,1,+2.524,+0.00423,-15.573,+0.00000,-17.80,+0.00000,0,+0.00000,+0.00000,0.00711,+1.492,0,23.5,23.5
5.023535,1,1,0.225000,0.225000,0.2750,-0.05000,1,1,1,+0.05062,+0.53432,0.11041,276.18,1,+2.520,+0.00384,-15.573,+0.00000,-17.80,+0.00000,0,+0.00000,+0.00000,0.00714,+1.587,0,23.5,23.5
5.051225,1,1,0.225000,0.225000,0.2750,-0.05000,1,1,1,+0.04912,+0.54086,0.11194,277.35,1,+2.623,+0.00390,-15.574,+0.00000,-17.80,+0.00000,0,+0.00000,+0.00000,0.00651,+1.682,0,23.5,23.5
5.078970,1,1,0.225000,0.225000,0.2750,-0.05000,1,1,1,+0.04826,+0.54204,0.11083,277.57,1,+2.682,+0.00385,-15.575,+0.00000,-17.80,+0.00000,0,+0.00000,+0.00000,0.00626,+1.756,0,23.9,23.9
5.106945,1,1,0.225000,0.225000,0.2750,-0.05000,1,1,1,+0.04826,+0.54204,0.11083,277.57,1,+2.682,+0.00375,-15.637,+0.00000,-17.80,+0.00000,0,+0.00000,+0.00000,0.00626,+1.780,0,23.9,23.9
5.134296,1,1,0.225000,0.225000,0.2750,-0.05000,1,1,1,+0.04963,+0.54245,0.11139,277.64,1,+2.588,+0.00320,-15.705,+0.00000,-17.80,+0.00000,0,+0.00000,+0.00000,0.00590,+1.810,0,23.9,23.9
5.160250,1,1,0.225000,0.225000,0.2750,-0.05000,1,1,1,+0.04909,+0.54199,0.11097,277.56,1,+2.625,+0.00307,-15.706,+0.00000,-17.80,+0.00000,0,+0.00000,+0.00000,0.00590,+1.878,0,23.9,23.9
5.185470,1,1,0.225000,0.225000,0.2750,-0.05000,1,1,1,+0.04994,+0.54928,0.11263,278.87,1,+2.566,+0.00277,-15.764,+0.00000,-17.80,+0.00000,0,+0.00000,+0.00000,0.00581,+1.893,0,23.9,23.9
5.212243,1,1,0.225000,0.225000,0.2750,-0.05000,1,1,1,+0.04935,+0.55240,0.11520,279.43,1,+2.607,+0.00273,-15.765,-0.00000,-17.80,+0.00000,0,+0.00000,+0.00000,0.00583,+1.945,0,23.9,23.9
5.241422,1,1,0.225000,0.225000,0.2750,-0.05000,1,1,1,+0.04935,+0.55240,0.11520,279.43,1,+2.607,+0.00289,-15.879,-0.00000,-17.80,+0.00000,0,+0.00000,+0.00000,0.00583,+1.912,0,23.9,23.9
5.268768,1,1,0.225000,0.225000,0.2750,-0.05000,1,1,1,+0.04787,+0.55782,0.11614,280.41,1,+2.709,+0.00311,-15.880,-0.00000,-17.80,+0.00000,0,+0.00000,+0.00000,0.00575,+1.966,0,23.9,23.9
5.296748,1,1,0.225000,0.225000,0.2750,-0.05000,1,1,1,+0.04690,+0.56420,0.11680,281.56,1,+2.775,+0.00319,-15.880,-0.00000,-17.80,+0.00000,1,+0.01232,+0.00000,0.00594,+2.012,0,23.9,23.9
5.326948,1,1,0.225000,0.225000,0.2750,-0.05000,1,1,1,+0.04884,+0.56523,0.11759,281.74,1,+2.642,+0.00229,-15.881,-0.00000,-17.80,+0.00000,1,+0.00727,+0.00000,0.00589,+2.082,0,23.9,23.9
5.352506,1,1,0.225000,0.225000,0.2750,-0.05000,1,1,1,+0.05023,+0.56900,0.12006,282.42,1,+2.547,+0.00186,-15.939,+0.00000,-17.80,+0.00000,1,+0.01128,+0.00000,0.00573,+2.084,0,23.9,23.9
5.380224,1,1,0.225000,0.225000,0.2750,-0.05000,1,1,1,+0.05023,+0.56900,0.12006,282.42,1,+2.547,+0.00169,-15.940,+0.00000,-17.80,+0.00000,1,+0.01128,+0.00000,0.00573,+2.131,0,23.9,23.9
5.410188,1,1,0.225000,0.225000,0.2750,-0.05000,1,1,1,+0.05178,+0.58348,0.12595,285.03,1,+2.440,+0.00123,-16.006,+0.00000,-17.80,+0.00000,1,+0.00522,+0.00000,0.00531,+2.138,0,23.9,23.9
5.439333,1,1,0.225000,0.225000,0.2750,-0.05000,1,1,1,+0.05178,+0.58348,0.12595,285.03,1,+2.440,+0.00128,-16.070,+0.00000,-17.80,+0.00000,1,+0.00522,+0.00000,0.00531,+2.128,0,23.9,23.9
5.470950,1,1,0.225000,0.225000,0.2750,-0.05000,1,1,1,+0.05072,+0.58916,0.12862,286.05,1,+2.513,+0.00179,-16.199,+0.00000,-17.80,+0.00000,1,+0.00508,+0.00000,0.00509,+2.086,0,23.9,23.9
5.500874,1,1,0.225000,0.225000,0.2750,-0.05000,1,1,1,+0.05062,+0.59560,0.13041,287.21,1,+2.519,+0.00190,-16.261,+0.00000,-17.80,+0.00000,0,+0.00000,+0.00000,0.00484,+2.070,0,23.9,23.9
5.528345,1,1,0.225000,0.225000,0.2750,-0.05000,1,1,1,+0.04999,+0.59694,0.13217,287.45,1,+2.563,+0.00211,-16.321,+0.00000,-17.80,+0.00000,0,+0.00000,+0.00000,0.00450,+2.061,0,23.9,23.9
5.556444,1,1,0.225000,0.225000,0.2750,-0.05000,1,1,1,+0.05252,+0.60109,0.13403,288.20,1,+2.389,+0.00137,-16.381,+0.00000,-17.80,+0.00000,0,+0.00000,+0.00000,0.00430,+2.052,0,23.9,23.9
5.583953,1,1,0.225000,0.225000,0.2750,-0.05000,1,1,1,+0.05252,+0.60109,0.13403,288.20,1,+2.389,+0.00120,-16.381,+0.00000,-17.80,+0.00000,0,+0.00000,+0.00000,0.00430,+2.090,0,23.9,23.9
5.610378,1,1,0.225000,0.225000,0.2750,-0.05000,1,1,1,+0.05269,+0.61086,0.13755,289.95,1,+2.377,+0.00102,-16.382,+0.00000,-17.80,+0.00000,0,+0.00000,+0.00000,0.00372,+2.124,0,23.9,23.9
5.637692,1,1,0.225000,0.225000,0.2750,-0.05000,1,1,1,+0.05269,+0.61086,0.13755,289.95,1,+2.377,+0.00139,-16.485,+0.00000,-17.80,+0.00000,0,+0.00000,+0.00000,0.00372,+2.044,0,23.9,23.9
5.667276,1,1,0.225000,0.225000,0.2750,-0.05000,1,1,1,+0.05260,+0.61441,0.14087,290.59,1,+2.383,+0.00174,-16.589,+0.00000,-17.80,+0.00000,0,+0.00000,+0.00000,0.00363,+1.972,0,23.9,23.9
5.696951,1,1,0.225000,0.225000,0.2750,-0.05000,1,1,1,+0.05333,+0.61700,0.14251,291.06,1,+2.333,+0.00159,-16.642,+0.00000,-17.80,+0.00000,0,+0.00000,+0.00000,0.00336,+1.954,0,23.9,23.9
5.731465,1,1,0.225000,0.225000,0.2750,-0.05000,1,1,1,+0.05286,+0.62108,0.14476,291.79,1,+2.365,+0.00171,-16.698,+0.00000,-17.80,+0.00000,0,+0.00000,+0.00000,0.00310,+1.952,0,23.9,23.9
5.764055,1,1,0.225000,0.225000,0.2750,-0.05000,1,1,1,+0.05332,+0.62637,0.14782,292.75,1,+2.334,+0.00176,-16.804,+0.00000,-17.80,+0.00000,0,+0.00000,+0.00000,0.00290,+1.913,0,23.9,23.9
5.796703,1,1,0.225000,0.225000,0.2750,-0.05000,1,1,1,+0.05404,+0.63082,0.14866,293.55,1,+2.284,+0.00140,-16.804,-0.00000,-17.80,+0.00000,0,+0.00000,+0.00000,0.00258,+1.945,0,23.9,23.9
5.824795,1,1,0.225000,0.225000,0.2750,-0.05000,1,1,1,+0.05420,+0.63279,0.15123,293.90,1,+2.273,+0.00155,-16.904,-0.00000,-17.80,+0.00000,0,+0.00000,+0.00000,0.00234,+1.898,0,23.9,23.9
5.855069,1,1,0.225000,0.225000,0.2750,-0.05000,1,1,1,+0.05381,+0.63676,0.15456,294.62,1,+2.300,+0.00154,-16.905,-0.00000,-17.80,+0.00000,0,+0.00000,+0.00000,0.00217,+1.929,0,23.9,23.9
5.882943,1,1,0.225000,0.225000,0.2750,-0.05000,1,1,1,+0.05420,+0.64041,0.15585,295.27,1,+2.273,+0.00147,-16.956,-0.00000,-17.80,+0.00000,0,+0.00000,+0.00000,0.00201,+1.921,0,23.9,23.9
5.913240,1,1,0.225000,0.225000,0.2750,-0.05000,1,1,1,+0.05420,+0.64041,0.15585,295.27,1,+2.273,+0.00148,-17.009,+0.00000,-17.80,+0.00000,0,+0.00000,+0.00000,0.00201,+1.916,0,23.9,23.9
5.946177,1,1,0.225000,0.225000,0.2750,-0.05000,1,1,1,+0.05477,+0.64479,0.16149,296.06,1,+2.234,+0.00164,-17.157,-0.00000,-17.80,+0.00000,0,+0.00000,+0.00000,0.00204,+1.841,0,23.9,23.9
5.974652,1,1,0.225000,0.225000,0.2750,-0.05000,1,1,1,+0.05477,+0.64479,0.16149,296.06,1,+2.234,+0.00180,-17.257,-0.00000,-17.80,+0.00000,0,+0.00000,+0.00000,0.00204,+1.806,0,23.9,23.9
6.003418,1,1,0.225000,0.225000,0.2750,-0.05000,1,1,1,+0.05716,+0.64777,0.16471,296.60,1,+2.070,+0.00116,-17.296,-0.00000,-17.80,+0.00000,0,+0.00000,+0.00000,0.00224,+1.787,0,23.9,23.9
6.033600,1,1,0.225000,0.225000,0.2750,-0.05000,1,1,1,+0.05696,+0.64962,0.16676,296.93,1,+2.083,+0.00138,-17.383,-0.00000,-17.80,+0.00000,0,+0.00000,+0.00000,0.00336,+1.747,0,23.9,23.9
6.064428,1,1,0.225000,0.225000,0.2750,-0.05000,1,1,1,+0.05865,+0.65348,0.17033,297.63,1,+1.968,+0.00140,-17.545,+0.00000,-17.80,+0.00000,0,+0.00000,+0.00000,0.00341,+1.632,0,23.9,23.9
6.095874,1,1,0.225000,0.225000,0.2750,-0.05000,1,1,1,+0.06049,+0.65667,0.17312,298.20,1,+1.841,+0.00120,-17.661,+0.00000,-17.80,+0.00000,0,+0.00000,+0.00000,0.00327,+1.553,0,34.4,34.4
6.124675,1,1,0.225000,0.225000,0.2750,-0.05000,1,1,1,+0.06014,+0.65262,0.17195,297.47,1,+1.865,+0.00186,-17.792,+0.00000,-17.80,+0.00000,0,+0.00000,+0.00000,0.00287,+1.422,0,34.4,34.4
6.151963,1,1,0.225000,0.225000,0.2750,-0.05000,1,1,1,+0.06066,+0.65313,0.17177,297.56,1,+1.830,+0.00196,-17.902,+0.00000,-17.80,+0.00000,0,+0.00000,+0.00000,0.00302,+1.366,0,34.4,34.4
6.181780,1,1,0.225000,0.225000,0.2750,-0.05000,1,1,1,+0.06066,+0.65313,0.17177,297.56,1,+1.830,+0.00219,-18.008,-0.00000,-17.80,+0.00000,0,+0.00000,+0.00000,0.00302,+1.312,0,34.4,34.4
6.211673,1,1,0.225000,0.225000,0.2750,-0.05000,1,1,1,+0.06182,+0.65320,0.17365,297.58,1,+1.749,+0.00210,-18.138,+0.00000,-17.80,+0.00000,0,+0.00000,+0.00000,0.00395,+1.247,0,34.4,34.4
6.241596,1,1,0.225000,0.225000,0.2750,-0.05000,1,1,1,+0.06206,+0.65412,0.17551,297.74,1,+1.733,+0.00207,-18.200,+0.00000,-17.80,+0.00000,0,+0.00000,+0.00000,0.00441,+1.234,0,34.4,34.4
6.273287,1,1,0.225000,0.225000,0.2750,-0.05000,1,1,1,+0.06271,+0.65637,0.18002,298.15,1,+1.688,+0.00212,-18.319,-0.00000,-17.80,+0.00000,0,+0.00000,+0.00000,0.00467,+1.180,0,34.4,34.4
6.304871,1,1,0.225000,0.225000,0.2750,-0.05000,1,1,1,+0.06543,+0.65823,0.18409,298.48,1,+1.502,+0.00147,-18.436,-0.00000,-17.80,+0.00000,0,+0.00000,+0.00000,0.00493,+1.143,0,34.4,34.4
6.337360,1,1,0.225000,0.225000,0.2750,-0.05000,1,1,1,+0.06905,+0.66430,0.18979,299.57,1,+1.252,+0.00054,-18.471,+0.00000,-17.80,+0.00000,0,+0.00000,+0.00000,0.00493,+1.107,0,34.4,34.4
6.367253,1,1,0.225000,0.225000,0.2750,-0.05000,1,1,1,+0.06866,+0.67363,0.19618,301.25,1,+1.279,+0.00094,-18.564,+0.00000,-17.80,+0.00000,1,+0.02514,+0.00000,0.00507,+1.047,0,34.4,34.4
6.399169,1,1,0.225000,0.225000,0.2750,-0.05000,1,1,1,+0.07057,+0.67986,0.20092,302.37,1,+1.148,+0.00060,-18.636,+0.00000,-17.80,+0.00000,1,+0.02590,+0.00000,0.00503,+1.002,0,34.4,34.4
6.434237,1,1,0.225000,0.225000,0.2750,-0.05000,1,1,1,+0.07281,+0.68120,0.20653,302.62,1,+0.994,+0.00019,-18.726,-0.00000,-17.80,+0.00000,1,+0.02764,+0.00000,0.00491,+0.941,0,34.4,34.4
6.467019,1,1,0.225000,0.225000,0.2750,-0.05000,1,1,1,+0.07511,+0.67941,0.21184,302.29,1,+0.836,-0.00028,-18.812,+0.00000,-17.80,+0.00000,1,+0.02736,+0.00000,0.00458,+0.891,0,34.4,34.4
6.503288,1,1,0.225000,0.225000,0.2750,-0.05000,1,1,1,+0.07661,+0.68296,0.21667,302.93,1,+0.733,-0.00050,-18.895,+0.00000,-17.80,+0.00000,1,+0.03001,+0.00000,0.00400,+0.845,0,34.4,34.4
6.537737,1,1,0.225000,0.225000,0.2750,-0.05000,1,1,1,+0.07974,+0.68113,0.22146,302.60,1,+0.518,-0.00118,-18.970,+0.00000,-17.80,+0.00000,0,+0.00000,+0.00000,0.00328,+0.790,0,34.4,34.4
6.572505,1,1,0.225000,0.225000,0.2750,-0.05000,1,1,1,+0.08439,+0.68396,0.23007,303.11,1,+0.198,-0.00222,-19.027,-0.00000,-17.80,+0.00000,0,+0.00000,+0.00000,0.00208,+0.710,0,34.4,34.4
6.610112,1,1,0.225000,0.225000,0.2750,-0.05000,1,1,1,+0.08439,+0.68396,0.23007,303.11,1,+0.198,-0.00165,-19.082,-0.00000,-17.80,+0.00000,0,+0.00000,+0.00000,0.00208,+0.591,0,34.4,34.4
6.643690,1,1,0.225000,0.225000,0.2750,-0.05000,1,1,1,+0.08672,+0.68295,0.23714,302.93,1,+0.037,-0.00188,-19.103,-0.00000,-17.80,+0.00000,0,+0.00000,+0.00000,0.00177,+0.490,0,34.4,34.4
6.679302,1,1,0.225000,0.225000,0.2750,-0.05000,1,1,1,+0.09205,+0.68246,0.24845,302.84,1,-0.329,-0.00300,-19.152,-0.00000,-17.80,+0.00000,0,+0.00000,+0.00000,0.00139,+0.375,0,34.4,34.4
6.720374,1,1,0.225000,0.225000,0.2750,-0.05000,1,1,1,+0.09568,+0.67912,0.25574,302.24,1,-0.578,-0.00379,-19.198,-0.00000,-17.80,+0.00000,0,+0.00000,+0.00000,0.00113,+0.308,0,34.4,34.4
6.757723,1,1,0.225000,0.225000,0.2750,-0.05000,1,1,1,+0.09818,+0.67862,0.26223,302.15,1,-0.750,-0.00412,-19.254,-0.00000,-17.80,+0.00000,0,+0.00000,+0.00000,0.00115,+0.225,0,34.4,34.4
6.795249,1,1,0.225000,0.225000,0.2750,-0.05000,1,1,1,+0.10176,+0.67175,0.26834,300.92,1,-0.997,-0.00474,-19.287,+0.00000,-17.80,+0.00000,0,+0.00000,+0.00000,0.00103,+0.130,0,34.4,34.4
6.834012,1,1,0.225000,0.225000,0.2750,-0.05000,1,1,1,+0.10559,+0.66678,0.27538,300.02,1,-1.260,-0.00536,-19.327,-0.00000,-17.80,+0.00000,0,+0.00000,+0.00000,0.00099,+0.012,0,34.4,34.4
6.871279,1,1,0.225000,0.225000,0.2750,-0.05000,1,1,1,+0.11031,+0.65710,0.28415,298.28,1,-1.584,-0.00628,-19.344,-0.00000,-17.80,+0.00000,0,+0.00000,+0.00000,0.00096,-0.098,0,34.4,34.4
6.913101,1,1,0.225000,0.225000,0.2750,-0.05000,1,1,1,+0.11376,+0.65120,0.29001,297.22,1,-1.822,-0.00667,-19.359,+0.00000,-17.80,+0.00000,0,+0.00000,+0.00000,0.00107,-0.237,0,34.4,34.4
6.952124,1,1,0.225000,0.225000,0.2750,-0.05000,1,1,1,+0.11949,+0.64230,0.29804,295.61,1,-2.215,-0.00779,-19.383,+0.00000,-17.80,+0.00000,0,+0.00000,+0.00000,0.00106,-0.364,0,34.4,34.4
6.995682,1,1,0.225000,0.225000,0.2750,-0.05000,1,1,1,+0.13106,+0.62071,0.31476,291.73,1,-3.011,-0.01052,-19.398,+0.00000,-17.80,+0.00000,0,+0.00000,+0.00000,0.00105,-0.529,0,34.4,34.4
7.039736,1,1,0.225000,0.225000,0.2750,-0.05000,1,1,1,+0.13760,+0.60453,0.32693,288.82,1,-3.461,-0.01178,-19.417,-0.00000,-17.80,+0.00000,0,+0.00000,+0.00000,0.00115,-0.677,0,34.4,34.4
7.086185,1,1,0.225000,0.225000,0.2750,-0.05000,1,1,1,+0.15537,+0.57792,0.34965,284.03,1,-4.683,-0.01607,-19.425,+0.00000,-17.80,+0.00000,0,+0.00000,+0.00000,0.00120,-0.886,0,34.4,34.4
7.132846,1,1,0.225000,0.225000,0.2750,-0.05000,1,1,1,+0.16230,+0.55531,0.36273,279.95,1,-5.159,-0.01694,-19.434,+0.00000,-17.80,+0.00000,0,+0.00000,+0.00000,0.00140,-1.150,0,28.0,28.0
7.183843,1,1,0.225000,0.225000,0.2750,-0.05000,1,1,1,+0.17106,+0.52632,0.37351,274.74,1,-5.761,-0.01785,-19.443,+0.00000,-17.80,+0.00000,0,+0.00000,+0.00000,0.00321,-1.494,0,28.0,28.0
7.234627,1,1,0.242775,0.243438,0.2750,-0.03156,1,1,1,+0.18870,+0.47646,0.39930,265.76,1,-6.974,-0.02157,-19.438,-0.00000,-17.80,+0.00000,1,+0.15237,+0.00000,0.00842,-1.849,0,28.0,28.0
7.295420,1,1,0.243431,0.243431,0.2750,-0.03157,1,1,1,+0.20424,+0.45259,0.42383,261.47,1,-8.043,-0.02437,-19.436,-0.00000,-17.80,+0.00000,1,+0.16195,+0.00000,0.01011,-2.265,0,28.0,28.0
7.360921,1,1,0.266356,0.275452,0.2750,+0.00045,1,1,1,+0.24912,+0.36894,0.50996,246.41,1,-11.000,-0.03505,-19.322,-0.00000,-17.80,+0.00000,1,+0.20409,+0.00000,0.01329,-2.729,0,28.0,28.0
7.431821,1,1,0.278397,0.278397,0.2750,+0.00340,1,1,1,+0.26901,+0.32674,0.54399,238.81,1,-11.000,-0.03249,-19.115,+0.00000,-17.80,+0.00000,1,+0.22051,+0.00000,0.01340,-3.288,0,28.0,28.0
7.516694,1,1,0.278397,0.278397,0.2750,+0.00340,1,0,0,+0.00000,+0.00000,0.00000,0.00,0,+6.000,+0.04645,-18.641,-0.00000,-17.80,+0.00000,1,+0.23830,+0.00000,0.01007,-4.265,0,28.0,28.0
7.561779,1,1,0.278397,0.278397,0.2750,+0.00340,1,0,0,+0.00000,+0.00000,0.00000,0.00,0,+6.000,+0.04845,-18.417,-0.00000,-17.80,+0.00000,1,+0.22262,+0.00000,0.00537,-4.749,0,28.0,28.0
7.619408,1,1,0.278397,0.278397,0.2750,+0.00340,1,0,0,+0.00000,+0.00000,0.00000,0.00,0,+6.000,+0.03863,-18.322,+0.00000,-17.80,+0.00000,1,+0.32678,+0.00000,0.00953,-3.449,0,28.0,28.0
7.675550,1,1,0.278397,0.278397,0.2750,+0.00340,1,0,0,+0.00000,+0.00000,0.00000,0.00,0,+6.000,+0.03224,-18.231,+0.00000,-17.80,+0.00000,1,+0.48038,+0.00000,0.01774,-1.876,0,28.0,28.0
7.724600,1,1,0.278397,0.278397,0.2750,+0.00340,1,0,0,+0.00000,+0.00000,0.00000,0.00,0,+6.000,+0.02673,-18.026,+0.00000,-17.80,+0.00000,0,+0.00000,+0.00000,0.03446,-0.517,0,28.0,28.0
7.783315,1,1,0.278397,0.278397,0.2750,+0.00340,1,0,0,+0.00000,+0.00000,0.00000,0.00,0,+6.000,+0.02112,-17.766,+0.00000,-17.80,+0.00000,0,+0.00000,+0.00000,0.03298,+0.823,0,28.0,28.0
7.860530,1,1,0.278397,0.278397,0.2750,+0.00340,1,0,0,+0.00000,+0.00000,0.00000,0.00,0,+6.000,+0.01343,-27.566,+0.80922,-17.80,+0.00000,0,+0.00000,+0.00000,0.00000,+2.806,0,28.0,28.0
7.951352,1,1,0.277965,0.277965,0.2750,+0.00297,1,0,0,+0.00000,+0.00000,0.00000,0.00,0,+6.000,+0.00929,-23.548,+0.10980,-17.80,+0.00000,0,+0.00000,+0.00000,0.00242,+3.647,0,28.0,28.0
8.050052,1,1,0.275866,0.275866,0.2750,+0.00087,1,0,0,+0.00000,+0.00000,0.00000,0.00,0,+6.000,+0.00981,-18.577,+0.07386,-17.80,+0.00000,0,+0.00000,+0.00000,0.00343,+3.605,0,28.0,28.0
8.134298,1,1,0.274180,0.274180,0.2750,-0.00082,1,0,0,+0.00000,+0.00000,0.00000,0.00,0,+6.000,+0.01118,-14.816,+0.05135,-17.80,+0.00000,1,-0.01689,+0.00000,0.00540,+3.334,0,15.0,15.0
8.207977,1,1,0.272782,0.272782,0.2750,-0.00222,1,0,0,+0.00000,+0.00000,0.00000,0.00,0,+6.000,+0.01201,-12.125,+0.03686,-17.80,+0.00000,1,-0.00339,+0.00000,0.00816,+3.139,0,15.0,15.0
8.267091,1,1,0.271708,0.271708,0.2750,-0.00329,1,0,0,+0.00000,+0.00000,0.00000,0.00,0,+6.000,+0.01236,-10.454,+0.02869,-17.80,+0.00000,1,+0.02034,+0.00000,0.00794,+3.042,0,15.0,15.0
8.319972,1,1,0.270783,0.270783,0.2750,-0.00422,1,0,0,+0.00000,+0.00000,0.00000,0.00,0,+6.000,+0.01268,-9.275,+0.02273,-17.80,+0.00000,1,+0.04574,+0.16886,0.01218,+2.962,0,15.0,15.0
8.370229,1,1,0.269933,0.269933,0.2750,-0.00507,1,0,0,+0.00000,+0.00000,0.00000,0.00,0,+6.000,+0.01271,-8.188,+0.01806,-17.80,+0.00000,1,+0.06268,+0.16437,0.01639,+2.951,0,15.0,15.0
8.419832,2,1,0.269122,0.269122,0.2750,-0.00588,1,0,0,+0.00000,+0.00000,0.00000,0.00,0,+6.000,+0.01263,-7.217,+0.01432,-17.80,+0.00000,1,+0.06494,+0.18248,0.02314,+2.967,0,15.0,15.0
8.468215,2,1,0.268357,0.268357,0.2750,-0.00664,1,0,0,+0.00000,+0.00000,0.00000,0.00,0,+6.000,+0.01242,-6.474,+0.01222,-17.80,+0.00000,1,+0.06173,+0.18737,0.02460,+3.014,0,15.0,15.0
8.513509,2,1,0.267662,0.267662,0.2750,-0.00734,1,0,0,+0.00000,+0.00000,0.00000,0.00,0,+6.000,+0.01241,-5.730,+0.00963,-17.80,+0.00000,1,+0.06123,+0.19384,0.02386,+3.018,0,15.0,15.0
8.560456,2,1,0.284093,0.335000,0.2750,+0.06000,1,1,1,+0.46136,-0.65702,0.57427,61.74,1,-11.000,-0.05000,-5.176,+0.00790,-17.80,+0.00000,1,+0.05746,+0.18795,0.02166,+3.024,0,15.0,15.0
8.648397,2,1,0.314873,0.335000,0.2750,+0.06000,1,1,1,+0.48941,-0.69369,0.52772,55.14,1,-11.000,-0.05000,-4.196,+0.00527,-17.80,+0.00000,1,+0.05231,+0.18655,0.01918,+2.960,0,15.0,15.0
8.730754,2,1,0.335000,0.335000,0.2750,+0.06000,1,1,1,+0.51469,-0.75216,0.45980,44.61,1,-11.000,-0.04689,-3.735,+0.00380,-17.80,+0.00000,1,+0.04059,+0.18841,0.01711,+0.283,0,15.0,15.0
8.809680,2,1,0.335000,0.335000,0.2750,+0.06000,1,1,1,+0.51215,-0.82989,0.37655,30.62,1,-11.000,-0.03583,-3.570,+0.00276,-17.80,+0.00000,1,+0.02172,+0.19374,0.01410,-2.248,0,15.0,15.0
8.866297,2,1,0.335000,0.335000,0.2750,+0.06000,1,1,1,+0.51618,-0.86084,0.34480,25.05,1,-11.000,-0.02851,-3.568,+0.00208,-17.80,+0.00000,1,+0.01567,+0.18554,0.01363,-3.959,0,15.0,15.0
8.922482,2,1,0.335000,0.335000,0.2750,+0.06000,1,1,1,+0.51427,-0.88654,0.31101,20.42,1,-11.000,-0.02290,-3.569,+0.00162,-17.80,+0.00000,1,+0.01338,+0.17433,0.01332,-5.370,0,15.0,15.0
8.978609,2,1,0.335000,0.335000,0.2750,+0.06000,1,1,1,+0.51191,-0.92018,0.24652,14.37,1,-11.000,-0.01816,-3.572,+0.00125,-17.80,+0.00000,1,+0.01467,+0.16314,0.01307,-6.530,0,15.0,15.0
9.022623,2,1,0.335000,0.335000,0.2750,+0.06000,1,1,1,+0.50889,-0.92571,0.20854,13.37,1,-11.000,-0.01523,-3.574,+0.00102,-17.80,+0.00000,1,+0.01524,+0.16242,0.01268,-7.261,0,15.0,15.0
9.065502,2,1,0.335000,0.335000,0.2750,+0.06000,1,1,1,+0.49030,-0.97148,0.16833,5.13,1,-11.000,-0.01288,-3.577,+0.00085,-17.80,+0.00000,1,+0.01895,+0.15940,0.01269,-7.848,0,15.0,15.0
9.104096,2,1,0.335000,0.335000,0.2750,+0.06000,1,1,1,+0.45418,-0.98535,0.12447,2.64,1,-11.000,-0.01130,-3.579,+0.00072,-17.80,+0.00000,1,+0.02226,+0.15531,0.01272,-8.241,0,15.0,15.0
9.137784,2,1,0.335000,0.335000,0.2750,+0.06000,1,1,1,+0.33926,-0.99280,0.08051,1.30,0,+6.000,+0.05000,-3.580,+0.00062,-17.80,+0.00000,1,+0.02521,+0.15325,0.01286,-8.558,0,17.9,17.9
9.168956,2,1,0.335000,0.335000,0.2750,+0.06000,1,0,1,+0.20137,-0.99919,0.03557,0.15,0,+6.000,+0.05000,-3.582,+0.00053,-17.80,+0.00000,1,+0.02668,+0.15410,0.01303,-8.821,0,17.9,17.9
9.201210,2,1,0.335000,0.335000,0.2750,+0.06000,1,0,1,+0.06891,+0.76610,0.03469,317.90,0,+6.000,+0.05000,-3.575,+0.00045,-17.80,+0.00000,1,+0.03045,+0.15114,0.01591,-8.172,0,17.9,17.9
9.233818,2,1,0.335000,0.335000,0.2750,+0.06000,1,0,1,+0.06811,+0.76866,0.03469,318.36,0,+6.000,+0.05000,-3.565,+0.00042,-17.80,+0.00000,1,+0.03516,+0.15902,0.02582,-7.189,0,17.9,17.9
9.263739,2,1,0.335000,0.335000,0.2750,+0.06000,1,0,1,+0.07000,+0.77222,0.03514,319.00,0,+6.000,+0.05000,-3.557,+0.00035,-17.80,+0.00000,1,+0.03995,+0.18188,0.03503,-6.094,0,17.9,17.9
9.294531,2,1,0.335000,0.335000,0.2750,+0.06000,1,0,1,+0.07027,+0.78047,0.03191,320.48,0,+6.000,+0.04593,-3.550,+0.00031,-17.80,+0.00000,1,+0.04685,+0.22663,0.05003,-5.060,0,17.9,17.9
9.326735,2,1,0.335000,0.335000,0.2750,+0.06000,1,0,1,+0.06985,+0.77582,0.03239,319.65,0,+6.000,+0.04209,-3.545,+0.00027,-17.80,+0.00000,1,+0.05318,+0.24308,0.05809,-4.183,0,17.9,17.9
9.358728,2,1,0.335000,0.335000,0.2750,+0.06000,1,0,1,+0.06324,+0.78307,0.03600,320.95,0,+6.000,+0.03746,-3.540,+0.00023,-17.80,+0.00000,1,+0.06425,+0.23995,0.06065,-3.074,0,17.9,17.9
9.388880,2,1,0.335000,0.335000,0.2750,+0.06000,1,0,1,+0.06081,+0.78529,0.03379,321.35,0,+6.000,+0.03439,-3.537,+0.00020,-17.80,+0.00000,1,+0.07746,+0.24531,0.05916,-2.334,0,17.9,17.9
9.418314,2,1,0.335000,0.335000,0.2750,+0.06000,1,0,1,+0.06081,+0.78529,0.03379,321.35,0,+6.000,+0.03087,-3.535,+0.00018,-17.80,+0.00000,1,+0.07746,+0.24531,0.05916,-1.477,0,17.9,17.9
9.451019,2,1,0.335000,0.335000,0.2750,+0.06000,1,0,1,+0.06266,+0.79306,0.03514,322.75,0,+6.000,+0.02779,-3.534,+0.00015,-17.80,+0.00000,1,+0.12291,+0.25655,0.05534,-0.739,0,17.9,17.9
9.484014,2,1,0.335000,0.335000,0.2750,+0.06000,1,0,1,+0.06266,+0.79306,0.03514,322.75,0,+6.000,+0.02495,-3.533,+0.00013,-17.80,+0.00000,1,+0.12291,+0.25655,0.05534,-0.052,0,17.9,17.9
9.516377,2,1,0.335000,0.335000,0.2750,+0.06000,1,0,1,+0.06281,+0.80028,0.03514,324.05,0,+6.000,+0.02298,-3.533,+0.00012,-17.80,+0.00000,1,+0.14313,+0.28353,0.04246,+0.417,0,17.9,17.9
9.548124,2,1,0.335000,0.335000,0.2750,+0.06000,1,0,1,+0.06375,+0.80250,0.03514,324.45,0,+6.000,+0.02047,-3.533,+0.00010,-17.80,+0.00000,1,+0.15024,+0.29572,0.04005,+1.036,0,17.9,17.9
9.580674,2,1,0.335000,0.335000,0.2750,+0.06000,1,0,1,+0.06250,+0.80684,0.03469,325.23,0,+6.000,+0.01820,-3.534,+0.00009,-17.80,+0.00000,1,+0.16136,+0.30181,0.03694,+1.573,0,17.9,17.9
9.615219,2,1,0.335000,0.335000,0.2750,+0.06000,1,0,1,+0.06250,+0.80684,0.03469,325.23,0,+6.000,+0.01608,-3.535,+0.00007,-17.80,+0.00000,1,+0.16136,+0.30181,0.03694,+2.089,0,17.9,17.9
9.648804,2,1,0.334341,0.334341,0.2750,+0.05934,1,0,1,+0.06189,+0.81274,0.03557,326.29,0,+6.000,+0.01425,-3.535,+0.00006,-17.80,+0.00000,1,+0.18675,+0.32646,0.03231,+2.528,0,17.9,17.9
9.678193,2,1,0.332608,0.332608,0.2750,+0.05761,1,0,1,+0.06172,+0.81639,0.03514,326.95,0,+6.000,+0.01303,-3.536,+0.00006,-17.80,+0.00000,1,+0.19928,+0.35774,0.02957,+2.833,0,17.9,17.9
9.708416,2,1,0.330860,0.330860,0.2750,+0.05586,1,0,1,+0.06172,+0.81639,0.03514,326.95,0,+6.000,+0.01171,-3.537,+0.00005,-17.80,+0.00000,1,+0.19928,+0.35774,0.02957,+3.153,0,17.9,17.9
9.738571,2,1,0.329151,0.329151,0.2750,+0.05415,1,0,1,+0.06106,+0.82108,0.03469,327.79,0,+6.000,+0.01066,-3.538,+0.00004,-17.80,+0.00000,1,+0.21248,+0.40950,0.02604,+3.410,0,17.9,17.9
9.766981,2,1,0.327573,0.327573,0.2750,+0.05257,1,0,1,+0.06219,+0.82306,0.03514,328.15,0,+6.000,+0.00979,-3.539,+0.00004,-17.80,+0.00000,1,+0.21417,+0.48504,0.02363,+3.622,0,17.9,17.9
9.795237,2,1,0.326032,0.326032,0.2750,+0.05103,1,0,1,+0.06166,+0.82853,0.03379,329.14,0,+6.000,+0.00897,-3.539,+0.00003,-17.80,+0.00000,1,+0.22542,+0.56947,0.02171,+3.822,0,17.9,17.9
9.823483,2,1,0.324520,0.324520,0.2750,+0.04952,1,0,1,+0.06266,+0.83305,0.03469,329.95,0,+6.000,+0.00794,-3.540,+0.00003,-17.80,+0.00000,1,+0.23674,+0.58012,0.02026,+4.069,0,17.9,17.9
9.856210,2,1,0.322804,0.322804,0.2750,+0.04780,1,0,1,+0.06458,+0.83920,0.03333,331.06,0,+6.000,+0.00720,-3.541,+0.00003,-17.80,+0.00000,1,+0.26509,+0.59369,0.01957,+4.245,0,17.9,17.9
9.886202,2,1,0.321264,0.321264,0.2750,+0.04626,1,0,1,+0.06573,+0.84981,0.02992,332.97,0,+6.000,+0.00637,-3.542,+0.00002,-17.80,+0.00000,1,+0.32847,+0.59877,0.01798,+4.448,0,17.9,17.9
9.917921,2,1,0.319668,0.319668,0.2750,+0.04467,1,0,1,+0.06573,+0.84981,0.02992,332.97,0,+6.000,+0.00560,-3.543,+0.00002,-17.80,+0.00000,1,+0.32847,+0.59877,0.01798,+4.633,0,17.9,17.9
9.949014,2,1,0.318136,0.318136,0.2750,+0.04314,1,0,1,+0.06714,+0.85233,0.03093,333.42,0,+6.000,+0.00507,-3.544,+0.00002,-17.80,+0.00000,1,+0.42422,+0.00000,0.01773,+4.760,0,17.9,17.9
9.976844,2,1,0.316792,0.316792,0.2750,+0.04179,1,0,1,+0.06620,+0.85844,0.02887,334.52,0,+6.000,+0.00546,-3.582,+0.00001,-17.80,+0.00000,1,+0.55271,+0.00000,0.01671,+4.681,0,17.9,17.9
10.007524,2,1,0.315338,0.315338,0.2750,+0.04034,1,0,1,+0.06597,+0.86091,0.02887,334.96,0,+6.000,+0.00508,-3.583,+0.00001,-17.80,+0.00000,1,+0.58230,+0.00000,0.01602,+4.778,0,17.9,17.9
10.037560,2,1,0.313944,0.313944,0.2750,+0.03894,1,0,1,+0.06771,+0.86389,0.02722,335.50,0,+6.000,+0.00450,-3.583,+0.00001,-17.80,+0.00000,1,+0.62140,+0.00000,0.01529,+4.904,0,17.9,17.9
10.068804,2,1,0.312523,0.312523,0.2750,+0.03752,1,0,1,+0.06481,+0.86214,0.02887,335.19,0,+6.000,+0.00409,-3.584,+0.00001,-17.80,+0.00000,1,+0.67677,+0.00000,0.01507,+5.003,0,17.9,17.9
10.098026,2,1,0.311220,0.311220,0.2750,+0.03622,1,0,1,+0.06505,+0.85720,0.02887,334.30,0,+6.000,+0.00434,-3.541,+0.00001,-17.80,+0.00000,1,+0.71871,+0.00000,0.01497,+4.951,0,17.9,17.9
10.125673,2,1,0.310011,0.310011,0.2750,+0.03501,1,0,1,+0.06602,+0.86042,0.03143,334.88,0,+6.000,+0.00458,-3.519,+0.00001,-17.80,+0.00000,1,+0.75492,+0.00000,0.01480,+4.902,0,17.9,17.9
10.154635,2,1,0.308767,0.308767,0.2750,+0.03377,1,0,1,+0.06699,+0.87550,0.03469,337.59,0,+6.000,+0.00590,-3.391,+0.00001,-17.80,+0.00000,0,+0.00000,+0.00000,0.01343,+4.598,0,32.5,32.5
10.184172,2,1,0.307524,0.307524,0.2750,+0.03252,1,0,1,+0.06860,+0.87855,0.03643,338.14,0,+6.000,+0.00698,-3.251,+0.00001,-17.80,+0.00000,0,+0.00000,+0.00000,0.01275,+4.348,0,32.5,32.5
10.210485,2,1,0.306437,0.306437,0.2750,+0.03144,1,0,1,+0.06860,+0.87855,0.03643,338.14,0,+6.000,+0.00796,-3.128,+0.00001,-17.80,+0.00000,0,+0.00000,+0.00000,0.01275,+4.116,0,32.5,32.5
10.240808,2,1,0.305207,0.305207,0.2750,+0.03021,1,0,1,+0.07027,+0.88374,0.03557,339.07,0,+6.000,+0.00913,-3.013,+0.00000,-17.80,+0.00000,0,+0.00000,+0.00000,0.01202,+3.829,0,32.5,32.5
10.267997,2,1,0.304126,0.304126,0.2750,+0.02913,1,0,1,+0.06991,+0.88992,0.03643,340.19,0,+6.000,+0.00963,-2.894,+0.00000,-17.80,+0.00000,0,+0.00000,+0.00000,0.00660,+3.705,0,32.5,32.5
10.298812,2,1,0.302924,0.302924,0.2750,+0.02792,1,0,1,+0.07078,+0.89389,0.03514,340.90,0,+6.000,+0.01090,-2.878,+0.00000,-17.80,+0.00000,0,+0.00000,+0.00000,0.00143,+3.404,0,32.5,32.5
10.325609,2,1,0.301898,0.301898,0.2750,+0.02690,1,0,1,+0.07187,+0.90053,0.03600,342.10,0,+6.000,+0.01119,-2.777,+0.00000,-17.80,+0.00000,0,+0.00000,+0.00000,0.00098,+3.330,0,32.5,32.5
10.351942,2,1,0.286098,0.225000,0.2750,-0.05000,1,1,1,-0.02004,+0.86851,0.09639,336.33,0,+6.000,+0.01190,-2.771,+0.00000,-17.80,+0.00000,0,+0.00000,+0.00000,0.00083,+3.157,0,32.5,32.5
10.378610,2,1,0.270097,0.225000,0.2750,-0.05000,1,1,1,-0.02004,+0.86851,0.09639,336.33,0,+6.000,+0.01228,-2.735,+0.00000,-17.80,+0.00000,0,+0.00000,+0.00000,0.00083,+3.065,0,32.5,32.5
10.405016,2,1,0.254254,0.225000,0.2750,-0.05000,1,1,1,-0.01820,+0.87536,0.09526,337.56,0,+6.000,+0.01241,-2.700,+0.00000,-17.80,+0.00000,0,+0.00000,+0.00000,0.00080,+3.027,0,32.5,32.5
10.434634,2,1,0.236483,0.225000,0.2750,-0.05000,1,1,1,-0.01577,+0.87870,0.09246,338.17,0,+6.000,+0.01122,-2.700,+0.00000,-17.80,+0.00000,0,+0.00000,+0.00000,0.00083,+3.296,0,32.5,32.5
10.460827,2,1,0.225000,0.225000,0.2750,-0.05000,1,1,1,-0.01682,+0.90261,0.08425,342.47,0,+6.000,+0.01032,-2.701,+0.00000,-17.80,+0.00000,0,+0.00000,+0.00000,0.00072,+3.501,0,32.5,32.5
10.485756,2,1,0.225000,0.225000,0.2750,-0.05000,1,1,1,-0.01197,+0.90447,0.08127,342.80,0,+6.000,+0.00979,-2.701,+0.00000,-17.80,+0.00000,0,+0.00000,+0.00000,0.00066,+3.632,0,32.5,32.5
10.513397,2,1,0.225000,0.225000,0.2750,-0.05000,1,1,1,-0.00907,+0.90978,0.08012,343.76,0,+6.000,+0.00876,-2.702,+0.00000,-17.80,+0.00000,0,+0.00000,+0.00000,0.00058,+3.882,0,32.5,32.5
10.541538,2,1,0.225000,0.225000,0.2750,-0.05000,1,1,1,-0.00907,+0.90978,0.08012,343.76,0,+6.000,+0.00807,-2.703,+0.00000,-17.80,+0.00000,0,+0.00000,+0.00000,0.00058,+4.045,0,32.5,32.5
10.570276,2,1,0.225000,0.225000,0.2750,-0.05000,1,1,1,-0.00478,+0.91667,0.07778,345.00,0,+6.000,+0.00738,-2.703,+0.00000,-17.80,+0.00000,0,+0.00000,+0.00000,0.00043,+4.213,0,32.5,32.5
10.598945,2,1,0.225000,0.225000,0.2750,-0.05000,1,1,1,-0.00403,+0.92134,0.07638,345.84,0,+6.000,+0.00674,-2.704,+0.00000,-17.80,+0.00000,0,+0.00000,+0.00000,0.00037,+4.366,0,32.5,32.5
10.624880,2,1,0.225000,0.225000,0.2750,-0.05000,1,1,1,+0.00069,+0.92735,0.07454,346.92,0,+6.000,+0.00618,-2.704,+0.00000,-17.80,+0.00000,0,+0.00000,+0.00000,0.00023,+4.499,0,32.5,32.5
10.651064,2,1,0.225000,0.225000,0.2750,-0.05000,1,1,1,+0.00422,+0.93122,0.07433,347.62,0,+6.000,+0.00566,-2.705,+0.00000,-17.80,+0.00000,0,+0.00000,+0.00000,0.00019,+4.625,0,32.5,32.5
10.680637,2,1,0.225000,0.225000,0.2750,-0.05000,1,1,1,+0.00422,+0.93122,0.07433,347.62,0,+6.000,+0.00519,-2.705,+0.00000,-17.80,+0.00000,0,+0.00000,+0.00000,0.00019,+4.739,0,32.5,32.5
10.710709,2,1,0.225000,0.225000,0.2750,-0.05000,1,1,1,+0.00543,+0.93761,0.07049,348.77,0,+6.000,+0.00460,-2.706,+0.00000,-17.80,+0.00000,0,+0.00000,+0.00000,0.00009,+4.881,0,32.5,32.5
10.738347,2,1,0.225000,0.225000,0.2750,-0.05000,1,1,1,+0.00671,+0.94194,0.06827,349.55,0,+6.000,+0.00420,-2.706,+0.00000,-17.80,+0.00000,0,+0.00000,+0.00000,0.00007,+4.978,0,32.5,32.5
10.764267,2,1,0.225000,0.225000,0.2750,-0.05000,1,1,1,+0.00970,+0.94851,0.06690,350.73,0,+6.000,+0.00389,-2.706,+0.00000,-17.80,+0.00000,0,+0.00000,+0.00000,0.00004,+5.055,0,32.5,32.5
10.790333,2,1,0.225000,0.225000,0.2750,-0.05000,1,1,1,+0.01322,+0.95451,0.06526,351.81,0,+6.000,+0.00355,-2.707,+0.00000,-17.80,+0.00000,0,+0.00000,+0.00000,0.00001,+5.136,0,32.5,32.5
10.816554,2,1,0.225000,0.225000,0.2750,-0.05000,1,1,1,+0.01643,+0.95851,0.06186,352.53,0,+6.000,+0.00326,-2.707,+0.00000,-17.80,+0.00000,0,+0.00000,+0.00000,0.00000,+5.206,0,32.5,32.5
10.843781,2,1,0.225000,0.225000,0.2750,-0.05000,1,1,1,+0.01643,+0.95851,0.06186,352.53,0,+6.000,+0.00287,-2.708,+0.00000,-17.80,+0.00000,0,+0.00000,+0.00000,0.00000,+5.298,0,32.5,32.5
10.868617,2,1,0.225000,0.225000,0.2750,-0.05000,1,1,1,+0.01789,+0.96351,0.05800,353.43,0,+6.000,+0.00271,-2.708,+0.00000,-17.80,+0.00000,0,+0.00000,+0.00000,0.00000,+5.341,0,32.5,32.5
10.892480,2,1,0.225000,0.225000,0.2750,-0.05000,1,1,1,+0.02245,+0.96803,0.05500,354.24,0,+6.000,+0.00246,-2.708,+0.00000,-17.80,+0.00000,0,+0.00000,+0.00000,0.00000,+5.401,0,32.5,32.5
10.921706,2,1,0.225000,0.225000,0.2750,-0.05000,1,0,1,+0.02821,+0.97123,0.04907,354.82,0,+6.000,+0.00219,-2.708,+0.00000,-17.80,+0.00000,0,+0.00000,+0.00000,0.00000,+5.466,0,32.5,32.5
10.947031,2,1,0.225000,0.225000,0.2750,-0.05000,1,0,1,+0.03176,+0.97268,0.04339,355.08,0,+6.000,+0.00205,-2.708,+0.00000,-17.80,+0.00000,0,+0.00000,+0.00000,0.00000,+5.500,0,32.5,32.5
10.975157,2,1,0.225000,0.225000,0.2750,-0.05000,1,0,1,+0.03176,+0.97268,0.04339,355.08,0,+6.000,+0.00181,-2.709,+0.00000,-17.80,+0.00000,0,+0.00000,+0.00000,0.00000,+5.559,0,32.5,32.5
11.002708,2,1,0.225000,0.225000,0.2750,-0.05000,1,0,1,+0.04007,+0.75261,0.03239,315.47,0,+6.000,+0.00164,-2.709,+0.00000,-17.80,+0.00000,0,+0.00000,+0.00000,0.00000,+5.599,0,32.5,32.5
11.027002,2,1,0.225000,0.225000,0.2750,-0.05000,1,0,1,+0.04012,+0.75341,0.03093,315.61,0,+6.000,+0.00149,-2.709,+0.00000,-17.80,+0.00000,0,+0.00000,+0.00000,0.00000,+5.635,0,32.5,32.5
11.050572,2,1,0.225000,0.225000,0.2750,-0.05000,1,0,1,+0.04274,+0.75766,0.03379,316.38,0,+6.000,+0.00139,-2.709,+0.00000,-17.80,+0.00000,0,+0.00000,+0.00000,0.00000,+5.659,0,32.5,32.5
11.076998,2,1,0.225000,0.225000,0.2750,-0.05000,1,0,1,+0.04274,+0.75766,0.03379,316.38,0,+6.000,+0.00128,-2.709,+0.00000,-17.80,+0.00000,0,+0.00000,+0.00000,0.00000,+5.689,0,32.5,32.5
11.098374,2,1,0.225000,0.225000,0.2750,-0.05000,1,0,1,+0.04464,+0.75714,0.03287,316.29,0,+6.000,+0.00116,-2.709,+0.00000,-17.80,+0.00000,0,+0.00000,+0.00000,0.00000,+5.716,0,32.5,32.5
11.118254,2,1,0.225000,0.225000,0.2750,-0.05000,1,0,1,+0.04482,+0.76063,0.03287,316.91,0,+6.000,+0.00108,-2.710,+0.00000,-17.80,+0.00000,0,+0.00000,+0.00000,0.00000,+5.735,0,32.5,32.5
11.139594,2,1,0.225000,0.225000,0.2750,-0.05000,1,0,1,+0.04482,+0.76063,0.03287,316.91,0,+6.000,+0.00102,-2.710,+0.00000,-17.80,+0.00000,0,+0.00000,+0.00000,0.00000,+5.751,0,32.5,32.5
11.158083,2,1,0.225000,0.225000,0.2750,-0.05000,1,0,1,+0.04596,+0.76503,0.03239,317.71,0,+6.000,+0.00096,-2.710,+0.00000,-17.80,+0.00000,0,+0.00000,+0.00000,0.00000,+5.766,0,37.9,37.9
11.179517,2,1,0.225000,0.225000,0.2750,-0.05000,1,0,1,+0.04773,+0.75960,0.03191,316.73,0,+6.000,+0.00087,-2.710,+0.00000,-17.80,+0.00000,0,+0.00000,+0.00000,0.00000,+5.788,0,37.9,37.9
11.200959,2,1,0.225000,0.225000,0.2750,-0.05000,1,0,1,+0.04773,+0.75960,0.03191,316.73,0,+6.000,+0.00081,-2.710,+0.00000,-17.80,+0.00000,0,+0.00000,+0.00000,0.00000,+5.802,0,37.9,37.9
11.220775,2,1,0.225000,0.225000,0.2750,-0.05000,1,0,1,+0.04899,+0.76276,0.03379,317.30,0,+6.000,+0.00076,-2.710,+0.00000,-17.80,+0.00000,0,+0.00000,+0.00000,0.00000,+5.815,0,37.9,37.9
11.241323,2,1,0.225000,0.225000,0.2750,-0.05000,1,0,1,+0.04844,+0.77222,0.03333,319.00,0,+6.000,+0.00069,-2.710,+0.00000,-17.80,+0.00000,0,+0.00000,+0.00000,0.00000,+5.831,0,37.9,37.9
11.261191,2,1,0.225000,0.225000,0.2750,-0.05000,1,0,1,+0.04844,+0.77222,0.03333,319.00,0,+6.000,+0.00065,-2.710,+0.00000,-17.80,+0.00000,0,+0.00000,+0.00000,0.00000,+5.841,0,37.9,37.9
11.282407,2,1,0.225000,0.225000,0.2750,-0.05000,1,0,1,+0.05170,+0.77205,0.03191,318.97,0,+6.000,+0.00059,-2.710,+0.00000,-17.80,+0.00000,0,+0.00000,+0.00000,0.00000,+5.855,0,37.9,37.9
11.303581,2,1,0.225000,0.225000,0.2750,-0.05000,1,0,1,+0.05170,+0.77205,0.03191,318.97,0,+6.000,+0.00054,-2.710,+0.00000,-17.80,+0.00000,0,+0.00000,+0.00000,0.00000,+5.868,0,37.9,37.9
11.323294,2,1,0.225000,0.225000,0.2750,-0.05000,1,0,1,+0.05331,+0.77190,0.03239,318.94,0,+6.000,+0.00050,-2.710,+0.00000,-17.80,+0.00000,0,+0.00000,+0.00000,0.00000,+5.877,0,37.9,37.9
11.343769,2,1,0.225000,0.225000,0.2750,-0.05000,1,0,1,+0.05592,+0.76871,0.03425,318.37,0,+6.000,+0.00047,-2.710,+0.00000,-17.80,+0.00000,0,+0.00000,+0.00000,0.00000,+5.885,0,37.9,37.9
11.364559,2,1,0.225000,0.225000,0.2750,-0.05000,1,0,1,+0.05592,+0.76871,0.03425,318.37,0,+6.000,+0.00044,-2.710,+0.00000,-17.80,+0.00000,0,+0.00000,+0.00000,0.00000,+5.892,0,37.9,37.9
11.385729,2,1,0.225000,0.225000,0.2750,-0.05000,1,0,1,+0.05781,+0.77130,0.03333,318.83,0,+6.000,+0.00039,-2.710,-0.00000,-17.80,+0.00000,0,+0.00000,+0.00000,0.00000,+5.903,0,37.9,37.9
11.406980,2,1,0.225192,0.225192,0.2750,-0.04981,1,0,1,+0.05781,+0.77130,0.03333,318.83,0,+6.000,+0.00037,-2.710,-0.00000,-17.80,+0.00000,0,+0.00000,+0.00000,0.00000,+5.910,0,37.9,37.9
11.428297,2,1,0.225472,0.225472,0.2750,-0.04953,1,0,1,+0.05919,+0.77484,0.03239,319.47,0,+6.000,+0.00035,-2.710,+0.00000,-17.80,+0.00000,0,+0.00000,+0.00000,0.00000,+5.915,0,37.9,37.9
11.449377,2,1,0.225744,0.225744,0.2750,-0.04926,1,0,1,+0.05946,+0.77958,0.03379,320.32,0,+6.000,+0.00031,-2.710,-0.00000,-17.80,+0.00000,0,+0.00000,+0.00000,0.00000,+5.924,0,37.9,37.9
11.468667,2,1,0.225990,0.225990,0.2750,-0.04901,1,0,1,+0.05946,+0.77958,0.03379,320.32,0,+6.000,+0.00029,-2.710,-0.00000,-17.80,+0.00000,0,+0.00000,+0.00000,0.00000,+5.929,0,37.9,37.9
11.487795,2,1,0.226231,0.226231,0.2750,-0.04877,1,0,1,+0.06000,+0.78508,0.03287,321.31,0,+6.000,+0.00027,-2.710,-0.00000,-17.80,+0.00000,0,+0.00000,+0.00000,0.00000,+5.933,0,37.9,37.9
11.508001,2,1,0.226482,0.226482,0.2750,-0.04852,1,0,1,+0.06000,+0.78508,0.03287,321.31,0,+6.000,+0.00025,-2.710,+0.00000,-17.80,+0.00000,0,+0.00000,+0.00000,0.00000,+5.938,0,37.9,37.9
11.529479,2,1,0.226746,0.226746,0.2750,-0.04825,1,0,1,+0.06121,+0.78464,0.03239,321.24,0,+6.000,+0.00023,-2.711,+0.00000,-17.80,+0.00000,0,+0.00000,+0.00000,0.00000,+5.944,0,37.9,37.9
11.549191,2,1,0.226984,0.226984,0.2750,-0.04802,1,0,1,+0.06379,+0.78529,0.03239,321.35,0,+6.000,+0.00021,-2.711,+0.00000,-17.80,+0.00000,0,+0.00000,+0.00000,0.00000,+5.948,0,37.9,37.9
11.569226,2,1,0.227223,0.227223,0.2750,-0.04778,1,0,1,+0.06379,+0.78529,0.03239,321.35,0,+6.000,+0.00020,-2.711,-0.00000,-17.80,+0.00000,0,+0.00000,+0.00000,0.00000,+5.951,0,37.9,37.9
11.589509,2,1,0.227462,0.227462,0.2750,-0.04754,1,0,1,+0.06507,+0.78497,0.03239,321.29,0,+6.000,+0.00018,-2.711,+0.00000,-17.80,+0.00000,0,+0.00000,+0.00000,0.00000,+5.956,0,37.9,37.9
11.607996,2,1,0.227677,0.227677,0.2750,-0.04732,1,0,1,+0.06875,+0.78698,0.03287,321.66,0,+6.000,+0.00017,-2.711,+0.00000,-17.80,+0.00000,0,+0.00000,+0.00000,0.00000,+5.959,0,37.9,37.9
11.628691,2,1,0.227914,0.227914,0.2750,-0.04709,1,0,1,+0.06875,+0.78698,0.03287,321.66,0,+6.000,+0.00016,-2.711,-0.00000,-17.80,+0.00000,0,+0.00000,+0.00000,0.00000,+5.961,0,37.9,37.9
11.649634,2,1,0.228151,0.228151,0.2750,-0.04685,1,0,1,+0.07151,+0.78366,0.03239,321.06,0,+6.000,+0.00015,-2.711,-0.00000,-17.80,+0.00000,0,+0.00000,+0.00000,0.00000,+5.964,0,37.9,37.9
11.670601,2,1,0.228385,0.228385,0.2750,-0.04662,1,0,1,+0.07151,+0.78366,0.03239,321.06,0,+6.000,+0.00013,-2.711,+0.00000,-17.80,+0.00000,0,+0.00000,+0.00000,0.00000,+5.968,0,37.9,37.9
11.692062,2,1,0.228621,0.228621,0.2750,-0.04638,1,0,1,+0.07132,+0.78889,0.03239,322.00,0,+6.000,+0.00012,-2.711,+0.00000,-17.80,+0.00000,0,+0.00000,+0.00000,0.00000,+5.970,0,37.9,37.9
11.713504,2,1,0.228853,0.228853,0.2750,-0.04615,1,0,1,+0.07276,+0.79202,0.03469,322.56,0,+6.000,+0.00011,-2.711,-0.00000,-17.80,+0.00000,0,+0.00000,+0.00000,0.00000,+5.972,0,37.9,37.9
11.732815,2,1,0.229060,0.229060,0.2750,-0.04594,1,0,1,+0.07276,+0.79202,0.03469,322.56,0,+6.000,+0.00010,-2.711,+0.00000,-17.80,+0.00000,0,+0.00000,+0.00000,0.00000,+5.975,0,37.9,37.9
11.751317,2,1,0.229255,0.229255,0.2750,-0.04574,1,0,1,+0.07571,+0.78952,0.03287,322.11,0,+6.000,+0.00010,-2.711,-0.00000,-17.80,+0.00000,0,+0.00000,+0.00000,0.00000,+5.977,0,37.9,37.9
11.772028,2,1,0.229471,0.229471,0.2750,-0.04553,1,0,1,+0.07571,+0.78952,0.03287,322.11,0,+6.000,+0.00009,-2.711,-0.00000,-17.80,+0.00000,0,+0.00000,+0.00000,0.00000,+5.978,0,37.9,37.9
11.793998,2,1,0.229697,0.229697,0.2750,-0.04530,1,0,1,+0.07763,+0.79064,0.03425,322.32,0,+6.000,+0.00008,-2.711,+0.00000,-17.80,+0.00000,0,+0.00000,+0.00000,0.00000,+5.980,0,37.9,37.9
11.813982,2,1,0.229899,0.229899,0.2750,-0.04510,1,0,1,+0.07763,+0.79064,0.03425,322.32,0,+6.000,+0.00007,-2.711,+0.00000,-17.80,+0.00000,0,+0.00000,+0.00000,0.00000,+5.982,0,37.9,37.9
11.833558,2,1,0.230095,0.230095,0.2750,-0.04490,1,0,1,+0.07841,+0.79630,0.03191,323.33,0,+6.000,+0.00007,-2.711,-0.00000,-17.80,+0.00000,0,+0.00000,+0.00000,0.00000,+5.983,0,37.9,37.9
11.852266,2,1,0.230280,0.230280,0.2750,-0.04472,1,0,1,+0.07982,+0.79968,0.03287,323.94,0,+6.000,+0.00006,-2.711,-0.00000,-17.80,+0.00000,0,+0.00000,+0.00000,0.00000,+5.984,0,37.9,37.9
11.871695,2,1,0.230469,0.230469,0.2750,-0.04453,1,0,1,+0.07982,+0.79968,0.03287,323.94,0,+6.000,+0.00121,-2.804,-0.00000,-17.80,+0.00000,0,+0.00000,+0.00000,0.00000,+5.722,0,37.9,37.9
11.891248,2,1,0.230658,0.230658,0.2750,-0.04434,1,0,1,+0.08071,+0.80000,0.03287,324.00,0,+6.000,+0.00120,-2.804,-0.00000,-17.80,+0.00000,0,+0.00000,+0.00000,0.00000,+5.724,0,37.9,37.9
11.909597,2,1,0.230832,0.230832,0.2750,-0.04417,1,0,1,+0.08071,+0.80000,0.03287,324.00,0,+6.000,+0.00117,-2.804,-0.00000,-17.80,+0.00000,0,+0.00000,+0.00000,0.00000,+5.728,0,37.9,37.9
11.929330,2,1,0.231017,0.231017,0.2750,-0.04398,1,0,1,+0.08564,+0.79820,0.03379,323.68,0,+6.000,+0.00109,-2.804,-0.00000,-17.80,+0.00000,0,+0.00000,+0.00000,0.00000,+5.739,0,37.9,37.9
11.948087,2,1,0.231191,0.231191,0.2750,-0.04381,1,0,1,+0.08585,+0.80229,0.03239,324.41,0,+6.000,+0.00101,-2.804,+0.00000,-17.80,+0.00000,0,+0.00000,+0.00000,0.00000,+5.755,0,37.9,37.9
11.969135,2,1,0.231383,0.231383,0.2750,-0.04362,1,0,1,+0.08585,+0.80229,0.03239,324.41,0,+6.000,+0.00095,-2.804,+0.00000,-17.80,+0.00000,0,+0.00000,+0.00000,0.00000,+5.769,0,37.9,37.9
11.990432,2,1,0.231575,0.231575,0.2750,-0.04342,1,0,1,+0.08902,+0.80390,0.03379,324.70,0,+6.000,+0.00090,-2.804,-0.00000,-17.80,+0.00000,0,+0.00000,+0.00000,0.00000,+5.783,0,37.9,37.9
12.010672,2,1,0.231755,0.231755,0.2750,-0.04324,1,0,1,+0.09215,+0.80028,0.03469,324.05,0,+6.000,+0.00198,-2.895,+0.00000,-17.80,+0.00000,0,+0.00000,+0.00000,0.00000,+5.537,0,37.9,37.9
12.030818,2,1,0.231932,0.231932,0.2750,-0.04307,1,0,1,+0.09215,+0.80028,0.03469,324.05,0,+6.000,+0.00193,-2.895,+0.00000,-17.80,+0.00000,0,+0.00000,+0.00000,0.00000,+5.548,0,37.9,37.9
12.050125,2,1,0.232099,0.232099,0.2750,-0.04290,1,0,1,+0.09424,+0.80117,0.03425,324.21,0,+6.000,+0.00186,-2.895,-0.00000,-17.80,+0.00000,0,+0.00000,+0.00000,0.00000,+5.560,0,37.9,37.9
12.071605,2,1,0.232282,0.232282,0.2750,-0.04272,1,0,1,+0.09424,+0.80117,0.03425,324.21,0,+6.000,+0.00283,-2.985,+0.00000,-17.80,+0.00000,0,+0.00000,+0.00000,0.00000,+5.330,0,37.9,37.9
12.089942,2,1,0.232437,0.232437,0.2750,-0.04256,1,0,1,+0.09594,+0.80500,0.03514,324.90,0,+6.000,+0.00273,-2.985,+0.00000,-17.80,+0.00000,0,+0.00000,+0.00000,0.00000,+5.353,0,37.9,37.9
12.110375,2,1,0.232607,0.232607,0.2750,-0.04239,1,0,1,+0.09848,+0.80108,0.03557,324.20,0,+6.000,+0.00262,-2.985,+0.00000,-17.80,+0.00000,0,+0.00000,+0.00000,0.00000,+5.378,0,37.9,37.9
12.130906,2,1,0.232775,0.232775,0.2750,-0.04222,1,0,1,+0.09848,+0.80108,0.03557,324.20,0,+6.000,+0.00362,-3.076,+0.00000,-17.80,+0.00000,0,+0.00000,+0.00000,0.00000,+5.143,0,37.9,37.9
12.150996,2,1,0.232938,0.232938,0.2750,-0.04206,1,0,1,+0.10031,+0.80389,0.03514,324.70,0,+6.000,+0.00346,-3.076,+0.00000,-17.80,+0.00000,0,+0.00000,+0.00000,0.00000,+5.178,0,37.9,37.9
12.173956,2,1,0.233121,0.233121,0.2750,-0.04188,1,0,1,+0.10031,+0.80389,0.03514,324.70,0,+6.000,+0.00325,-3.077,-0.00000,-17.80,+0.00000,0,+0.00000,+0.00000,0.00000,+5.225,0,49.2,49.2
12.194361,2,1,0.233282,0.233282,0.2750,-0.04172,1,0,1,+0.10168,+0.80867,0.03557,325.56,0,+6.000,+0.00305,-3.077,-0.00000,-17.80,+0.00000,0,+0.00000,+0.00000,0.00000,+5.265,0,49.2,49.2
12.213629,2,1,0.233431,0.233431,0.2750,-0.04157,1,0,1,+0.10521,+0.80661,0.03600,325.19,0,+6.000,+0.00533,-3.273,+0.00000,-17.80,+0.00000,0,+0.00000,+0.00000,0.00000,+4.741,0,49.2,49.2
12.233284,2,1,0.233582,0.233582,0.2750,-0.04142,1,0,1,+0.10521,+0.80661,0.03600,325.19,0,+6.000,+0.00621,-3.352,-0.00000,-17.80,+0.00000,0,+0.00000,+0.00000,0.00000,+4.543,0,49.2,49.2
12.253017,2,1,0.233731,0.233731,0.2750,-0.04127,1,0,1,+0.10594,+0.81028,0.03514,325.85,0,+6.000,+0.00794,-3.507,-0.00000,-17.80,+0.00000,0,+0.00000,+0.00000,0.00000,+4.136,0,49.2,49.2
12.272235,2,1,0.233875,0.233875,0.2750,-0.04113,1,0,1,+0.10594,+0.81028,0.03514,325.85,0,+6.000,+0.00976,-3.673,-0.00000,-17.80,+0.00000,0,+0.00000,+0.00000,0.00000,+3.702,0,49.2,49.2
12.291844,2,1,0.234019,0.234019,0.2750,-0.04098,1,0,1,+0.10897,+0.81368,0.03469,326.46,0,+6.000,+0.01136,-3.823,+0.00000,-17.80,+0.00000,0,+0.00000,+0.00000,0.00000,+3.319,0,49.2,49.2
12.311401,2,1,0.234161,0.234161,0.2750,-0.04084,1,0,1,+0.11069,+0.81404,0.03425,326.53,0,+6.000,+0.01299,-3.977,+0.00000,-17.80,+0.00000,0,+0.00000,+0.00000,0.00000,+2.940,0,49.2,49.2
12.332135,2,1,0.234310,0.234310,0.2750,-0.04069,1,0,1,+0.11069,+0.81404,0.03425,326.53,0,+6.000,+0.01404,-4.117,+0.00000,-17.80,+0.00000,0,+0.00000,+0.00000,0.00000,+2.670,0,49.2,49.2
12.352091,2,1,0.234451,0.234451,0.2750,-0.04055,1,0,1,+0.11372,+0.81355,0.03557,326.44,0,+6.000,+0.01555,-4.283,-0.00000,-17.80,+0.00000,0,+0.00000,+0.00000,0.00000,+2.311,0,49.2,49.2
12.373484,2,1,0.234601,0.234601,0.2750,-0.04040,1,0,1,+0.11372,+0.81355,0.03557,326.44,0,+6.000,+0.01595,-4.364,-0.00000,-17.80,+0.00000,0,+0.00000,+0.00000,0.00000,+2.201,0,49.2,49.2
12.399030,2,1,0.234776,0.234776,0.2750,-0.04022,1,0,1,+0.11594,+0.81361,0.03514,326.45,0,+6.000,+0.01769,-4.579,+0.00000,-17.80,+0.00000,0,+0.00000,+0.00000,0.00000,+1.781,0,49.2,49.2
12.425050,2,1,0.234952,0.234952,0.2750,-0.04005,1,0,1,+0.11859,+0.81228,0.03425,326.21,0,+6.000,+0.01921,-4.765,+0.00000,-17.80,+0.00000,0,+0.00000,+0.00000,0.00000,+1.427,0,49.2,49.2
12.450372,2,1,0.235120,0.235120,0.2750,-0.03988,1,0,1,+0.11937,+0.81889,0.03514,327.40,0,+6.000,+0.02047,-4.939,+0.00000,-17.80,+0.00000,0,+0.00000,+0.00000,0.00000,+1.128,0,49.2,49.2
12.474635,2,1,0.235279,0.235279,0.2750,-0.03972,1,0,1,+0.12172,+0.82167,0.03514,327.90,0,+6.000,+0.02112,-5.082,+0.00000,-17.80,+0.00000,0,+0.00000,+0.00000,0.00000,+0.967,0,49.2,49.2
12.500287,2,1,0.235444,0.235444,0.2750,-0.03956,1,0,1,+0.12172,+0.82167,0.03514,327.90,0,+6.000,+0.02215,-5.252,+0.00000,-17.80,+0.00000,0,+0.00000,+0.00000,0.00000,+0.700,0,49.2,49.2
12.523543,2,1,0.235591,0.235591,0.2750,-0.03941,1,0,1,+0.12317,+0.82466,0.03557,328.44,0,+6.000,+0.02275,-5.361,+0.00000,-17.80,+0.00000,0,+0.00000,+0.00000,0.00000,+0.562,0,49.2,49.2
12.548882,2,1,0.235748,0.235748,0.2750,-0.03925,1,0,1,+0.12557,+0.82753,0.03685,328.95,0,+6.000,+0.02378,-5.515,+0.00000,-17.80,+0.00000,0,+0.00000,+0.00000,0.00000,+0.322,0,49.2,49.2
12.573920,2,1,0.235902,0.235902,0.2750,-0.03910,1,0,1,+0.12557,+0.82753,0.03685,328.95,0,+6.000,+0.02379,-5.614,+0.00000,-17.80,+0.00000,0,+0.00000,+0.00000,0.00000,+0.306,0,49.2,49.2
12.600437,2,1,0.236061,0.236061,0.2750,-0.03894,1,0,1,+0.12799,+0.82536,0.03768,328.57,0,+6.000,+0.02451,-5.769,+0.00000,-17.80,+0.00000,0,+0.00000,+0.00000,0.00000,+0.129,0,49.2,49.2
12.626457,2,1,0.236215,0.236215,0.2750,-0.03879,1,0,1,+0.12944,+0.83246,0.03425,329.84,0,+6.000,+0.02424,-5.866,+0.00000,-17.80,+0.00000,0,+0.00000,+0.00000,0.00000,+0.186,0,49.2,49.2
12.652782,2,1,0.236368,0.236368,0.2750,-0.03863,1,0,1,+0.13125,+0.83732,0.03469,330.72,0,+6.000,+0.02616,-6.070,+0.00000,-17.80,+0.00000,0,+0.00000,+0.00000,0.00000,-0.257,0,49.2,49.2
12.680232,2,1,0.236524,0.236524,0.2750,-0.03848,1,0,1,+0.13125,+0.83732,0.03469,330.72,0,+6.000,+0.02682,-6.205,+0.00000,-17.80,+0.00000,0,+0.00000,+0.00000,0.00000,-0.413,0,49.2,49.2
12.706256,2,1,0.236670,0.236670,0.2750,-0.03833,1,0,1,+0.13270,+0.84057,0.03643,331.30,0,+6.000,+0.02775,-6.349,+0.00000,-17.80,+0.00000,0,+0.00000,+0.00000,0.00000,-0.637,0,49.2,49.2
12.736613,2,1,0.236837,0.236837,0.2750,-0.03816,1,0,1,+0.13547,+0.84057,0.03643,331.30,0,+6.000,+0.02848,-6.513,+0.00000,-17.80,+0.00000,0,+0.00000,+0.00000,0.00000,-0.821,0,49.2,49.2
12.768007,2,1,0.237006,0.237006,0.2750,-0.03799,1,0,1,+0.13663,+0.84651,0.03643,332.37,0,+6.000,+0.02923,-6.675,+0.00000,-17.80,+0.00000,0,+0.00000,+0.00000,0.00000,-1.003,0,49.2,49.2
12.792128,2,1,0.237133,0.237133,0.2750,-0.03787,1,0,1,+0.13811,+0.85176,0.03557,333.32,0,+6.000,+0.02936,-6.752,+0.00000,-17.80,+0.00000,0,+0.00000,+0.00000,0.00000,-1.038,0,49.2,49.2
12.818548,2,1,0.237271,0.237271,0.2750,-0.03773,1,0,1,+0.14035,+0.85145,0.03768,333.26,0,+6.000,+0.03000,-6.868,+0.00000,-17.80,+0.00000,0,+0.00000,+0.00000,0.00000,-1.193,0,49.2,49.2
12.846815,2,1,0.237415,0.237415,0.2750,-0.03759,1,0,1,+0.14092,+0.86429,0.03600,335.57,0,+6.000,+0.03054,-7.007,+0.00000,-17.80,+0.00000,0,+0.00000,+0.00000,0.00000,-1.320,0,49.2,49.2
12.871545,2,1,0.237539,0.237539,0.2750,-0.03746,1,0,1,+0.14092,+0.86429,0.03600,335.57,0,+6.000,+0.03095,-7.109,+0.00000,-17.80,+0.00000,0,+0.00000,+0.00000,0.00000,-1.420,0,49.2,49.2
12.898209,2,1,0.237670,0.237670,0.2750,-0.03733,1,0,1,+0.14319,+0.86815,0.03727,336.27,0,+6.000,+0.03120,-7.204,-0.00000,-17.80,+0.00000,0,+0.00000,+0.00000,0.00000,-1.486,0,49.2,49.2
12.923669,2,1,0.237794,0.237794,0.2750,-0.03721,1,0,1,+0.14554,+0.87116,0.03600,336.81,0,+6.000,+0.03135,-7.270,-0.00000,-17.80,+0.00000,0,+0.00000,+0.00000,0.00000,-1.525,0,49.2,49.2
12.948989,2,1,0.237914,0.237914,0.2750,-0.03709,1,0,1,+0.14694,+0.87660,0.03809,337.79,0,+6.000,+0.03170,-7.366,-0.00000,-17.80,+0.00000,0,+0.00000,+0.00000,0.00000,-1.608,0,49.2,49.2
12.974227,2,1,0.238033,0.238033,0.2750,-0.03697,1,0,1,+0.14694,+0.87660,0.03809,337.79,0,+6.000,+0.03197,-7.451,+0.00000,-17.80,+0.00000,0,+0.00000,+0.00000,0.00000,-1.671,0,49.2,49.2
13.001406,2,1,0.238158,0.238158,0.2750,-0.03684,1,0,1,+0.14901,+0.88131,0.03685,338.64,0,+6.000,+0.03219,-7.540,-0.00000,-17.80,+0.00000,0,+0.00000,+0.00000,0.00000,-1.726,0,49.2,49.2
13.027733,2,1,0.238277,0.238277,0.2750,-0.03672,1,0,1,+0.15028,+0.88662,0.03685,339.59,0,+6.000,+0.03228,-7.619,+0.00000,-17.80,+0.00000,0,+0.00000,+0.00000,0.00000,-1.750,0,49.2,49.2
13.054353,2,1,0.238395,0.238395,0.2750,-0.03660,1,0,1,+0.15221,+0.88954,0.03967,340.12,0,+6.000,+0.03270,-7.708,-0.00000,-17.80,+0.00000,0,+0.00000,+0.00000,0.00000,-1.849,0,49.2,49.2
13.081570,2,1,0.238514,0.238514,0.2750,-0.03649,1,0,1,+0.15326,+0.89952,0.03768,341.91,0,+6.000,+0.03316,-7.786,-0.00000,-17.80,+0.00000,0,+0.00000,+0.00000,0.00000,-1.956,0,49.2,49.2
13.106360,2,1,0.238620,0.238620,0.2750,-0.03638,1,0,1,+0.15326,+0.89952,0.03768,341.91,0,+6.000,+0.03347,-7.867,+0.00000,-17.80,+0.00000,0,+0.00000,+0.00000,0.00000,-2.030,0,49.2,49.2
13.132432,2,1,0.238730,0.238730,0.2750,-0.03627,1,0,1,+0.15465,+0.90331,0.03809,342.60,0,+6.000,+0.03467,-7.994,+0.00000,-17.80,+0.00000,0,+0.00000,+0.00000,0.00000,-2.313,0,49.2,49.2
13.158080,2,1,0.238836,0.238836,0.2750,-0.03616,1,0,1,+0.15681,+0.90889,0.03727,343.60,0,+6.000,+0.03577,-8.096,+0.00000,-17.80,+0.00000,0,+0.00000,+0.00000,0.00000,-2.568,0,49.2,49.2
13.183693,2,1,0.238941,0.238941,0.2750,-0.03606,1,0,1,+0.15937,+0.91014,0.03768,343.83,0,+6.000,+0.03625,-8.172,+0.00000,-17.80,+0.00000,0,+0.00000,+0.00000,0.00000,-2.685,0,40.6,40.6
13.209504,2,1,0.239044,0.239044,0.2750,-0.03596,1,0,1,+0.15992,+0.91763,0.03768,345.17,0,+6.000,+0.03651,-8.229,+0.00000,-17.80,+0.00000,0,+0.00000,+0.00000,0.00000,-2.759,0,40.6,40.6
13.237142,2,1,0.239153,0.239153,0.2750,-0.03585,1,0,1,+0.15992,+0.91763,0.03768,345.17,0,+6.000,+0.03694,-8.329,-0.00000,-17.80,+0.00000,0,+0.00000,+0.00000,0.00000,-2.868,0,40.6,40.6
13.264372,2,1,0.239258,0.239258,0.2750,-0.03574,1,0,1,+0.16319,+0.92025,0.03727,345.64,0,+6.000,+0.03690,-8.397,-0.00000,-17.80,+0.00000,0,+0.00000,+0.00000,0.00000,-2.861,0,40.6,40.6
13.291153,2,1,0.239360,0.239360,0.2750,-0.03564,1,0,1,+0.16414,+0.92328,0.03600,346.19,0,+6.000,+0.03747,-8.478,-0.00000,-17.80,+0.00000,0,+0.00000,+0.00000,0.00000,-2.996,0,40.6,40.6
13.316401,2,1,0.239454,0.239454,0.2750,-0.03555,1,0,1,+0.16706,+0.92372,0.03379,346.27,0,+6.000,+0.03783,-8.525,-0.00000,-17.80,+0.00000,0,+0.00000,+0.00000,0.00000,-3.080,0,40.6,40.6
13.342952,2,1,0.239551,0.239551,0.2750,-0.03545,1,0,1,+0.16706,+0.92372,0.03379,346.27,0,+6.000,+0.03853,-8.621,-0.00000,-17.80,+0.00000,0,+0.00000,+0.00000,0.00000,-3.243,0,40.6,40.6
13.369624,2,1,0.239647,0.239647,0.2750,-0.03535,1,0,1,+0.16875,+0.92661,0.03425,346.79,0,+6.000,+0.03865,-8.665,+0.00000,-17.80,+0.00000,0,+0.00000,+0.00000,0.00000,-3.277,0,40.6,40.6
13.398227,2,1,0.239748,0.239748,0.2750,-0.03525,1,0,1,+0.17059,+0.92810,0.03239,347.06,0,+6.000,+0.03897,-8.751,+0.00000,-17.80,+0.00000,0,+0.00000,+0.00000,0.00000,-3.352,0,40.6,40.6
13.418104,2,1,0.239817,0.239817,0.2750,-0.03518,1,0,1,+0.17059,+0.92810,0.03239,347.06,0,+6.000,+0.03943,-8.792,+0.00000,-17.80,+0.00000,0,+0.00000,+0.00000,0.00000,-3.456,0,40.6,40.6
13.437500,2,1,0.239884,0.239884,0.2750,-0.03512,1,0,1,+0.17059,+0.92810,0.03239,347.06,0,+6.000,+0.03993,-8.851,+0.00000,-17.80,+0.00000,0,+0.00000,+0.00000,0.00000,-3.571,0,40.6,40.6
13.456338,2,1,0.239948,0.239948,0.2750,-0.03505,1,0,1,+0.17059,+0.92810,0.03239,347.06,0,+6.000,+0.04013,-8.888,+0.00000,-17.80,+0.00000,0,+0.00000,+0.00000,0.00000,-3.618,0,40.6,40.6
13.475095,2,1,0.240011,0.240011,0.2750,-0.03499,1,0,1,+0.17059,+0.92810,0.03239,347.06,0,+6.000,+0.04025,-8.924,+0.00000,-17.80,+0.00000,0,+0.00000,+0.00000,0.00000,-3.645,0,40.6,40.6
13.496192,2,1,0.240080,0.240080,0.2750,-0.03492,1,0,1,+0.17059,+0.92810,0.03239,347.06,0,+6.000,+0.04049,-8.959,+0.00000,-17.80,+0.00000,0,+0.00000,+0.00000,0.00000,-3.699,0,40.6,40.6
13.518161,2,1,0.240152,0.240152,0.2750,-0.03485,1,0,1,+0.17059,+0.92810,0.03239,347.06,0,+6.000,+0.04075,-9.008,+0.00000,-17.80,+0.00000,0,+0.00000,+0.00000,0.00000,-3.759,0,40.6,40.6
13.544020,3,1,0.240235,0.240235,0.2750,-0.03477,1,0,1,+0.17059,+0.92810,0.03239,347.06,0,+6.000,+0.04074,-9.039,+0.00000,-17.80,+0.00000,0,+0.00000,+0.00000,0.00000,-3.758,0,40.6,40.6
13.564804,3,1,0.240300,0.240300,0.2750,-0.03470,1,0,1,+0.17059,+0.92810,0.03239,347.06,0,+6.000,+0.04070,-9.084,+0.00000,-17.80,+0.00000,0,+0.00000,+0.00000,0.00000,-3.748,0,40.6,40.6
13.584485,3,1,0.240361,0.240361,0.2750,-0.03464,1,0,1,+0.17059,+0.92810,0.03239,347.06,0,+6.000,+0.04084,-9.113,+0.00000,-17.80,+0.00000,0,+0.00000,+0.00000,0.00000,-3.781,0,40.6,40.6
13.611986,3,1,0.240446,0.240446,0.2750,-0.03455,1,0,1,+0.17059,+0.92810,0.03239,347.06,0,+6.000,+0.04102,-9.154,+0.00000,-17.80,+0.00000,0,+0.00000,+0.00000,0.00000,-3.820,0,40.6,40.6
13.634241,3,1,0.240513,0.240513,0.2750,-0.03449,1,0,1,+0.17059,+0.92810,0.03239,347.06,0,+6.000,+0.04129,-9.194,+0.00000,-17.80,+0.00000,0,+0.00000,+0.00000,0.00000,-3.883,0,40.6,40.6
13.656875,3,1,0.240580,0.240580,0.2750,-0.03442,1,0,1,+0.17059,+0.92810,0.03239,347.06,0,+6.000,+0.04129,-9.218,+0.00000,-17.80,+0.00000,0,+0.00000,+0.00000,0.00000,-3.882,0,40.6,40.6
13.681132,3,1,0.240651,0.240651,0.2750,-0.03435,1,0,1,+0.17059,+0.92810,0.03239,347.06,0,+6.000,+0.04126,-9.242,+0.00000,-17.80,+0.00000,0,+0.00000,+0.00000,0.00000,-3.876,0,40.6,40.6
13.704831,3,1,0.240719,0.240719,0.2750,-0.03428,1,0,1,+0.17059,+0.92810,0.03239,347.06,0,+6.000,+0.04150,-9.277,+0.00000,-17.80,+0.00000,0,+0.00000,+0.00000,0.00000,-3.931,0,40.6,40.6
13.726045,3,1,0.240779,0.240779,0.2750,-0.03422,1,0,1,+0.17059,+0.92810,0.03239,347.06,0,+6.000,+0.04158,-9.299,+0.00000,-17.80,+0.00000,0,+0.00000,+0.00000,0.00000,-3.950,0,40.6,40.6
13.751933,3,1,0.240851,0.240851,0.2750,-0.03415,1,0,1,+0.17059,+0.92810,0.03239,347.06,0,+6.000,+0.04152,-9.330,+0.00000,-17.80,+0.00000,0,+0.00000,+0.00000,0.00000,-3.935,0,40.6,40.6
13.773036,3,1,0.240909,0.240909,0.2750,-0.03409,1,0,1,+0.17059,+0.92810,0.03239,347.06,0,+6.000,+0.04178,-9.360,+0.00000,-17.80,+0.00000,0,+0.00000,+0.00000,0.00000,-3.994,0,40.6,40.6
13.796378,3,1,0.240973,0.240973,0.2750,-0.03403,1,0,1,+0.17059,+0.92810,0.03239,347.06,0,+6.000,+0.04203,-9.389,+0.00000,-17.80,+0.00000,0,+0.00000,+0.00000,0.00000,-4.052,0,40.6,40.6
13.820509,3,1,0.241037,0.241037,0.2750,-0.03396,1,0,1,+0.17059,+0.92810,0.03239,347.06,0,+6.000,+0.04225,-9.407,+0.00000,-17.80,+0.00000,0,+0.00000,+0.00000,0.00000,-4.103,0,40.6,40.6
13.841696,3,1,0.241092,0.241092,0.2750,-0.03391,1,0,1,+0.17059,+0.92810,0.03239,347.06,0,+6.000,+0.04216,-9.432,+0.00000,-17.80,+0.00000,0,+0.00000,+0.00000,0.00000,-4.081,0,40.6,40.6
13.863055,3,1,0.241148,0.241148,0.2750,-0.03385,1,0,1,+0.17059,+0.92810,0.03239,347.06,0,+6.000,+0.04249,-9.449,+0.00000,-17.80,+0.00000,0,+0.00000,+0.00000,0.00000,-4.157,0,40.6,40.6
13.884498,3,1,0.241202,0.241202,0.2750,-0.03380,1,0,1,+0.17059,+0.92810,0.03239,347.06,0,+6.000,+0.04259,-9.473,+0.00000,-17.80,+0.00000,0,+0.00000,+0.00000,0.00000,-4.180,0,40.6,40.6
13.904173,3,1,0.241252,0.241252,0.2750,-0.03375,1,0,1,+0.17059,+0.92810,0.03239,347.06,0,+6.000,+0.04262,-9.487,+0.00000,-17.80,+0.00000,0,+0.00000,+0.00000,0.00000,-4.188,0,40.6,40.6
13.926606,3,1,0.241307,0.241307,0.2750,-0.03369,1,0,1,+0.17059,+0.92810,0.03239,347.06,0,+6.000,+0.04285,-9.502,+0.00000,-17.80,+0.00000,0,+0.00000,+0.00000,0.00000,-4.240,0,40.6,40.6
13.951709,3,1,0.241369,0.241369,0.2750,-0.03363,1,0,1,+0.17059,+0.92810,0.03239,347.06,0,+6.000,+0.04304,-9.523,+0.00000,-17.80,+0.00000,0,+0.00000,+0.00000,0.00000,-4.285,0,40.6,40.6
13.973675,3,1,0.241422,0.241422,0.2750,-0.03358,1,0,1,+0.17059,+0.92810,0.03239,347.06,0,+6.000,+0.04287,-9.542,+0.00000,-17.80,+0.00000,0,+0.00000,+0.00000,0.00000,-4.244,0,40.6,40.6
13.997455,3,1,0.241478,0.241478,0.2750,-0.03352,1,0,1,+0.17059,+0.92810,0.03239,347.06,0,+6.000,+0.04298,-9.555,+0.00000,-17.80,+0.00000,0,+0.00000,+0.00000,0.00000,-4.271,0,40.6,40.6
14.025734,3,1,0.241544,0.241544,0.2750,-0.03346,1,0,1,+0.17059,+0.92810,0.03239,347.06,0,+6.000,+0.04321,-9.573,+0.00000,-17.80,+0.00000,0,+0.00000,+0.00000,0.00000,-4.324,0,40.6,40.6
14.053125,3,1,0.241606,0.241606,0.2750,-0.03339,1,0,1,+0.17059,+0.92810,0.03239,347.06,0,+6.000,+0.04331,-9.590,+0.00000,-17.80,+0.00000,0,+0.00000,+0.00000,0.00000,-4.346,0,40.6,40.6
14.077837,3,1,0.241662,0.241662,0.2750,-0.03334,1,0,1,+0.17077,+0.93047,0.03093,347.48,0,+6.000,+0.04262,-9.607,-0.00000,-17.80,+0.00000,0,+0.00000,+0.00000,0.00000,-4.245,0,40.6,40.6
