169,FAST,7,3.12,+0.088,+0.366
198,FAST,4,3.10,+0.235,+0.082
412,SLOW,1,6.07,-0.608,+0.174
58,SLOW,1,26.96,-0.119,+0.874
61,FAST,7,3.10,-0.008,+0.177
62,FAST,7,3.10,+0.014,+0.203
63,SLOW,1,6.78,+0.544,-0.053
64,SLOW,1,27.22,-0.472,+0.772
65,FAST,7,3.09,+0.123,+0.252
67,FAST,8,3.19,+0.231,+0.262
68,SLOW,1,6.50,+0.495,-0.169
71,FAST,8,3.10,+0.320,+0.259
73,FAST,1,3.13,-0.205,+0.323
74,SLOW,4,6.43,+0.379,-0.068
75,FAST,1,3.08,-0.286,+0.291
76,SLOW,1,8.18,+0.519,+0.167
78,SLOW,1,6.74,+0.500,-0.118
79,SLOW,1,8.36,+0.499,+0.097
80,SLOW,8,6.78,+0.441,+0.058
81,SLOW,9,8.47,+0.551,+0.024
83,SLOW,3,6.73,+0.517,-0.002
85,FAST,4,3.12,+0.151,+0.138
86,SLOW,1,27.19,-0.418,+0.876
87,FAST,3,3.11,-0.221,+0.271
89,SLOW,1,6.67,+0.501,-0.036
91,FAST,7,3.09,+0.241,+0.353
92,SLOW,3,6.67,+0.464,-0.276
94,SLOW,3,6.64,+0.456,-0.186
97,SLOW,1,9.90,-0.041,+0.871
100,SLOW,8,6.51,+0.501,+0.025
102,SLOW,3,6.69,+0.514,-0.071
103,FAST,3,3.11,-0.167,+0.373
104,FAST,7,3.17,-0.049,+0.155
105,SLOW,1,6.83,+0.364,-0.155
109,SLOW,3,6.57,+0.415,-0.188
110,SLOW,1,26.98,-0.557,-0.830
115,FAST,7,3.09,+0.066,+0.337
116,SLOW,3,6.40,+0.421,-0.112
117,FAST,7,3.21,-0.277,+0.648
118,SLOW,8,6.63,+0.500,+0.064
120,SLOW,1,12.32,-0.092,-0.605
122,FAST,7,3.10,+0.229,+0.330
125,FAST,1,3.15,-0.162,+0.282
126,FAST,1,3.11,-0.159,+0.280
128,SLOW,1,6.65,+0.428,-0.173
129,FAST,1,3.18,+0.323,-0.088
130,FAST,1,3.25,-0.278,+0.223
131,SLOW,4,26.72,-0.422,+0.520
136,FAST,1,3.06,-0.423,+0.276
141,SLOW,3,6.68,+0.507,-0.084
143,FAST,3,3.09,-0.190,+0.334
144,SLOW,1,7.60,+0.518,-0.038
145,SLOW,1,26.97,-0.272,+0.811
146,FAST,7,3.12,+0.055,+0.232
147,FAST,1,3.14,+0.177,+0.314
148,SLOW,3,7.32,+0.517,-0.094
151,SLOW,1,8.76,-0.377,+0.363
152,FAST,7,3.13,+0.167,+0.295
154,SLOW,4,6.63,+0.378,-0.140
155,FAST,1,3.11,+0.310,+0.067
156,FAST,7,3.09,+0.013,+0.231
157,SLOW,3,6.66,+0.441,-0.036
159,FAST,7,3.15,-0.072,+0.322
160,FAST,7,3.19,+0.058,+0.250
161,SLOW,3,6.71,+0.440,-0.199
162,FAST,7,3.15,-0.077,+0.261
164,FAST,1,3.11,+0.228,+0.130
167,FAST,1,3.16,-0.247,+0.251
168,FAST,7,3.15,-0.084,+0.267
170,SLOW,2,11.12,-0.037,+0.805
172,FAST,4,3.14,+0.272,+0.006
173,SLOW,3,6.71,+0.501,+0.274
175,SLOW,1,6.06,-0.477,+0.509
177,SLOW,3,6.63,+0.462,-0.155
178,SLOW,8,6.40,+0.463,+0.188
179,FAST,1,3.12,-0.180,+0.342
180,FAST,7,3.12,+0.105,+0.162
182,SLOW,2,26.97,-0.284,+0.801
185,SLOW,1,7.78,+0.529,+0.022
187,SLOW,3,6.69,+0.476,-0.150
188,FAST,7,3.10,+0.020,+0.255
190,FAST,7,3.14,+0.035,+0.323
195,FAST,7,3.10,+0.113,+0.283
196,FAST,4,3.08,+0.137,+0.338
197,SLOW,3,6.65,+0.490,+0.181
200,FAST,7,3.12,+0.311,+0.197
201,FAST,3,3.02,-0.252,+0.311
203,FAST,1,3.16,-0.229,+0.302
205,SLOW,4,6.61,+0.348,-0.180
207,FAST,1,2.98,+0.465,+0.061
213,SLOW,1,26.98,-0.324,+0.808
214,SLOW,4,6.28,-0.642,+0.323
216,SLOW,1,6.69,+0.522,-0.049
217,SLOW,1,26.96,+0.559,+0.195
220,SLOW,1,26.97,-0.492,+0.688
221,SLOW,3,6.56,+0.470,+0.022
226,SLOW,1,9.55,-0.184,+0.882
229,SLOW,3,6.69,+0.518,-0.020
230,FAST,3,3.17,-0.161,+0.276
231,SLOW,4,6.22,-0.533,+0.000
232,FAST,4,3.13,+0.301,-0.073
234,FAST,7,3.13,-0.009,+0.289
237,SLOW,4,6.54,+0.353,-0.190
239,SLOW,1,6.06,-0.495,+0.546
240,FAST,7,3.12,-0.091,+0.186
241,FAST,7,3.10,-0.022,+0.137
244,SLOW,4,6.52,-0.377,+0.281
245,SLOW,1,6.62,+0.359,-0.176
247,FAST,1,3.18,+0.226,-0.099
251,FAST,1,1.49,+0.288,+0.144
252,SLOW,3,7.80,+0.533,+0.104
253,FAST,1,3.14,-0.264,+0.263
255,SLOW,1,8.04,+0.536,+0.103
256,SLOW,3,6.68,+0.485,+0.128
258,FAST,1,3.08,-0.315,+0.224
260,FAST,1,3.13,-0.186,+0.323
263,SLOW,1,26.97,-0.523,+0.714
265,SLOW,8,6.77,+0.494,+0.058
268,SLOW,1,8.60,+0.539,+0.066
270,SLOW,2,26.21,-0.202,+0.854
271,FAST,1,3.28,-0.384,+0.036
273,SLOW,8,6.52,+0.440,+0.099
275,SLOW,1,6.65,+0.496,+0.105
276,SLOW,1,26.98,-0.319,+0.814
278,FAST,7,3.05,-0.020,+0.333
279,FAST,1,3.10,-0.390,+0.126
281,SLOW,1,7.99,+0.544,+0.062
284,FAST,1,3.22,-0.408,+0.245
285,FAST,4,3.12,+0.290,+0.140
286,SLOW,3,6.61,+0.499,-0.079
287,SLOW,1,6.66,+0.420,-0.194
289,SLOW,1,26.98,-0.490,+0.579
291,FAST,7,3.11,+0.051,+0.298
292,SLOW,4,7.89,-0.239,+0.479
294,SLOW,4,26.97,+0.550,+0.246
296,SLOW,3,9.73,+0.542,+0.011
297,FAST,4,3.16,+0.211,+0.142
299,SLOW,4,6.53,+0.397,-0.074
302,FAST,7,3.11,+0.016,+0.340
304,SLOW,8,6.61,+0.575,+0.021
305,SLOW,1,7.01,+0.145,-0.433
307,FAST,7,3.15,+0.170,+0.100
308,FAST,1,0.41,+0.447,+0.085
309,FAST,3,3.12,-0.280,+0.332
311,SLOW,1,9.23,-0.285,+0.822
313,SLOW,3,6.76,+0.482,-0.049
315,FAST,7,3.12,-0.037,+0.253
317,FAST,4,3.14,+0.269,+0.075
318,FAST,1,3.10,-0.173,+0.355
320,FAST,1,3.19,-0.195,+0.233
321,FAST,3,3.13,-0.328,+0.350
322,FAST,7,3.18,-0.088,+0.266
325,FAST,3,3.13,-0.316,+0.295
327,FAST,3,3.14,-0.119,+0.240
328,SLOW,1,26.98,-0.025,+0.868
329,FAST,7,3.11,-0.009,+0.124
330,SLOW,3,6.66,+0.504,-0.030
331,FAST,7,3.09,-0.052,+0.362
333,FAST,3,3.10,-0.254,+0.284
334,FAST,1,3.18,-0.120,+0.190
335,SLOW,1,7.84,+0.519,+0.062
336,SLOW,3,6.61,+0.480,-0.031
337,SLOW,3,6.63,+0.508,+0.033
338,SLOW,1,6.57,+0.431,-0.088
340,SLOW,1,6.15,-0.585,+0.073
341,SLOW,2,26.72,-0.094,+0.807
343,SLOW,3,6.62,+0.488,+0.004
345,SLOW,1,26.96,-0.448,+0.580
346,FAST,4,3.14,+0.343,+0.013
347,SLOW,1,6.09,-0.611,+0.139
348,SLOW,1,13.43,-0.479,+0.410
351,SLOW,1,26.97,+0.590,+0.548
353,SLOW,8,6.42,+0.551,+0.066
356,SLOW,8,6.36,+0.508,+0.130
357,FAST,3,3.15,-0.207,+0.310
359,FAST,1,3.09,-0.294,+0.164
360,SLOW,1,6.13,-0.621,+0.086
369,SLOW,1,8.19,+0.556,+0.095
371,SLOW,1,26.97,-0.180,+0.868
372,SLOW,1,26.97,-0.531,+0.581
373,FAST,3,3.11,-0.136,+0.273
377,FAST,7,3.05,+0.099,+0.300
379,SLOW,4,11.51,+0.565,+0.085
380,FAST,7,3.14,+0.206,+0.139
382,SLOW,1,6.73,+0.474,-0.074
383,FAST,7,3.15,-0.006,+0.291
385,FAST,1,3.10,-0.339,+0.295
386,SLOW,1,6.13,-0.626,+0.131
387,FAST,3,3.13,-0.324,+0.248
388,FAST,7,3.16,+0.103,+0.273
390,FAST,8,2.99,+0.303,+0.242
392,SLOW,1,6.09,-0.522,+0.523
396,FAST,7,3.15,+0.027,+0.283
397,SLOW,1,6.30,-0.531,+0.028
398,SLOW,1,6.73,+0.447,-0.117
400,FAST,8,3.10,+0.165,+0.251
403,SLOW,3,6.73,+0.523,-0.251
405,FAST,1,3.17,-0.291,+0.277
406,SLOW,1,26.97,-0.106,+0.832
408,SLOW,3,6.64,+0.485,-0.139
409,FAST,7,3.15,+0.266,+0.083
410,SLOW,1,26.97,-0.271,+0.793
413,SLOW,3,6.54,+0.368,-0.192
416,SLOW,1,6.74,+0.526,-0.138
419,SLOW,8,6.64,+0.391,+0.033
421,SLOW,8,6.91,+0.557,+0.362
424,FAST,4,3.14,+0.236,+0.066
426,FAST,3,3.10,-0.110,+0.321
429,SLOW,4,6.71,+0.472,-0.065
431,SLOW,1,6.82,+0.520,-0.032
434,FAST,7,3.16,+0.093,+0.287
435,SLOW,1,6.55,+0.454,+0.058
436,SLOW,1,26.97,-0.308,+0.815
437,SLOW,3,6.68,+0.496,-0.192
438,SLOW,1,26.96,+0.141,+0.848
439,SLOW,1,6.22,-0.587,+0.017
442,SLOW,3,5.93,+0.435,-0.332
444,SLOW,3,6.81,+0.566,-0.063
447,SLOW,3,6.66,+0.517,+0.141
448,FAST,1,0.29,+0.093,+0.379
453,SLOW,3,6.60,+0.455,-0.000
454,FAST,8,3.12,+0.227,+0.311
457,SLOW,1,6.74,+0.516,-0.109
458,FAST,1,3.13,-0.199,+0.309
460,FAST,7,3.18,+0.217,+0.148
463,FAST,8,3.51,+0.366,+0.099
464,FAST,7,3.10,+0.023,+0.281
465,SLOW,3,6.74,+0.495,-0.078
468,FAST,1,3.14,-0.109,+0.249
470,SLOW,1,26.97,-0.356,+0.833
471,SLOW,1,26.97,+0.074,+0.843
473,SLOW,1,6.24,-0.549,+0.071
474,SLOW,3,7.12,-0.420,+0.184
476,SLOW,1,6.63,+0.504,-0.143
478,FAST,7,3.10,+0.010,+0.216
479,SLOW,1,11.89,-0.098,+0.553
481,FAST,1,2.11,+0.376,-0.085
486,FAST,7,3.12,-0.091,+0.370
487,FAST,1,1.44,-0.626,+0.011
489,SLOW,1,26.97,+0.176,+0.773
492,FAST,3,3.30,-0.446,+0.045
493,SLOW,3,6.68,+0.513,-0.008
494,SLOW,1,6.57,+0.486,+0.092
495,SLOW,3,6.75,+0.470,-0.144
497,SLOW,1,26.97,-0.302,+0.826
499,FAST,7,3.12,+0.204,+0.308
502,FAST,7,3.15,-0.036,+0.293
505,FAST,7,3.12,-0.049,+0.335
506,SLOW,1,6.68,+0.383,-0.073
508,FAST,7,3.18,-0.012,+0.158
509,FAST,7,3.13,-0.051,+0.151
510,SLOW,8,6.47,+0.576,+0.068
512,FAST,1,0.87,-0.627,-0.623
513,SLOW,1,6.70,+0.501,-0.170
518,FAST,8,3.06,+0.259,+0.361
519,SLOW,1,26.98,-0.078,+0.906
521,SLOW,1,7.78,+0.509,+0.189
522,FAST,7,3.11,+0.161,+0.312
524,FAST,7,3.14,+0.064,+0.256
525,SLOW,1,10.33,+0.251,+0.683
526,SLOW,1,9.21,+0.023,+0.368
528,SLOW,3,6.54,+0.487,-0.097
529,SLOW,1,25.71,+0.088,+0.889
531,FAST,7,3.15,+0.153,+0.196
532,SLOW,4,6.67,+0.406,-0.233
534,FAST,1,3.32,+0.302,-0.023
535,FAST,7,3.17,+0.145,+0.172
539,FAST,7,3.16,+0.194,+0.149
540,FAST,3,3.11,-0.125,+0.320
541,SLOW,3,6.68,+0.531,-0.242
542,SLOW,2,26.97,-0.039,+0.838
544,SLOW,1,7.14,+0.526,-0.035
545,FAST,7,3.13,+0.110,+0.139
547,FAST,7,3.14,-0.017,+0.242
548,SLOW,1,6.40,+0.480,+0.011
550,SLOW,1,6.71,+0.435,-0.094
551,SLOW,4,6.08,-0.510,+0.539
553,SLOW,1,6.86,+0.535,-0.130
555,FAST,7,3.13,+0.158,+0.158
558,FAST,7,3.15,+0.153,+0.170
561,FAST,1,2.95,+0.320,+0.240
563,SLOW,1,27.21,-0.181,+0.807
566,FAST,8,3.28,+0.423,+0.075
567,FAST,7,3.13,+0.012,+0.331
569,FAST,7,3.14,+0.074,+0.210
570,FAST,7,3.16,-0.012,+0.199
571,SLOW,8,6.52,+0.524,+0.069
573,FAST,7,3.13,+0.005,+0.325
576,FAST,7,3.10,+0.274,+0.284
577,SLOW,1,26.97,-0.314,+0.810
579,FAST,1,0.12,+0.106,-0.334
580,SLOW,1,6.38,+0.547,+0.043
581,FAST,1,3.23,-0.373,+0.274
582,SLOW,1,26.96,-0.153,+0.800
583,FAST,1,3.12,-0.181,+0.239
585,FAST,1,2.67,-0.364,+0.370
588,SLOW,1,6.51,+0.369,+0.060
589,SLOW,1,6.70,+0.494,-0.046
592,SLOW,8,6.33,+0.580,+0.045
