169,86.8,67.1,46.4,8.34,67.1,191,3.12,+0.088,+0.366,0.504,-0.600,1
198,74.4,66.5,47.4,8.46,66.5,190,3.10,+0.235,+0.082,0.496,-0.600,0
412,76.1,61.7,42.6,11.30,61.7,396,6.07,-0.608,+0.174,0.477,-0.600,0
58,101.8,101.9,50.5,10.37,101.9,2740,26.96,-0.119,+0.874,0.084,-0.600,0
61,74.6,67.3,45.1,10.79,67.3,190,3.10,-0.008,+0.177,0.518,-0.600,1
62,99.7,63.9,39.5,11.83,63.9,179,3.10,+0.014,+0.203,0.527,-0.600,1
63,73.8,65.9,44.9,12.88,65.9,450,6.78,+0.544,-0.053,0.388,-0.600,0
64,100.9,101.0,46.9,15.53,101.0,2551,27.22,-0.472,+0.772,0.327,-0.600,0
65,84.8,66.6,44.8,10.73,66.6,187,3.09,+0.123,+0.252,0.537,-0.600,1
66,102.7,103.2,47.9,11.01,103.2,2812,26.98,,,,-0.600,0
67,103.3,67.4,44.4,10.61,67.4,192,3.19,+0.231,+0.262,0.592,-0.600,1
68,65.2,62.0,42.7,12.02,62.0,413,6.50,+0.495,-0.169,0.539,-0.600,0
71,76.6,67.8,47.0,9.64,67.8,191,3.10,+0.320,+0.259,0.533,-0.600,1
73,104.4,67.6,45.6,11.34,67.6,193,3.13,-0.205,+0.323,0.533,-0.600,0
74,74.5,70.0,48.4,12.26,70.0,434,6.43,+0.379,-0.068,0.581,-0.600,0
75,75.4,67.0,45.6,10.92,67.0,188,3.08,-0.286,+0.291,0.535,-0.600,0
76,81.1,69.5,47.3,13.62,69.5,604,8.18,+0.519,+0.167,0.356,-0.600,0
78,69.5,66.8,46.6,11.85,66.8,459,6.74,+0.500,-0.118,0.471,-0.600,0
79,79.8,70.2,45.5,14.21,70.2,615,8.36,+0.499,+0.097,0.395,-0.600,0
80,77.9,69.3,47.2,12.56,69.3,472,6.78,+0.441,+0.058,0.594,-0.600,1
81,78.8,70.5,47.7,13.06,70.5,622,8.47,+0.551,+0.024,0.378,-0.600,0
83,77.5,68.4,44.8,13.18,68.4,467,6.73,+0.517,-0.002,0.434,-0.600,0
85,103.1,65.5,46.4,9.37,65.5,188,3.12,+0.151,+0.138,0.544,-0.600,0
86,104.3,104.4,47.5,14.31,104.4,2673,27.19,-0.418,+0.876,0.210,-0.600,0
87,103.5,63.5,42.9,9.19,63.5,179,3.11,-0.221,+0.271,0.590,-0.600,0
89,73.1,64.9,38.9,13.33,64.9,436,6.67,+0.501,-0.036,0.451,-0.600,0
91,73.4,62.1,42.9,9.48,62.1,176,3.09,+0.241,+0.353,0.504,-0.600,1
92,103.4,63.2,42.7,12.44,63.2,427,6.67,+0.464,-0.276,0.539,-0.600,0
94,67.9,63.1,42.7,11.77,63.1,420,6.64,+0.456,-0.186,0.545,-0.600,0
97,73.2,74.4,49.8,10.81,74.4,761,9.90,-0.041,+0.871,0.130,-0.600,0
100,106.1,68.1,45.4,14.36,68.1,443,6.51,+0.501,+0.025,0.570,-0.600,1
102,77.4,69.7,44.5,13.87,69.7,465,6.69,+0.514,-0.071,0.443,-0.600,0
103,103.8,63.9,40.3,9.23,63.9,181,3.11,-0.167,+0.373,0.513,-0.600,0
104,104.2,65.5,43.4,11.28,65.5,186,3.17,-0.049,+0.155,0.591,-0.600,1
105,68.1,66.7,43.5,12.46,66.7,456,6.83,+0.364,-0.155,0.547,-0.600,0
109,73.9,67.9,47.9,12.02,67.9,442,6.57,+0.415,-0.188,0.585,-0.600,0
110,107.4,107.8,46.7,11.92,107.8,2915,26.98,-0.557,-0.830,0.067,-0.600,0
115,103.4,66.9,44.4,11.91,66.9,190,3.09,+0.066,+0.337,0.523,-0.600,1
116,72.1,67.6,47.4,11.88,67.6,426,6.40,+0.421,-0.112,0.590,-0.600,0
117,101.1,62.0,42.4,9.76,62.0,182,3.21,-0.277,+0.648,0.566,-0.600,1
118,77.6,68.5,44.8,12.83,68.5,453,6.63,+0.500,+0.064,0.575,-0.600,1
120,88.3,95.2,37.6,19.50,95.2,1165,12.32,-0.092,-0.605,0.065,-0.600,0
122,74.5,67.3,45.9,10.65,67.3,190,3.10,+0.229,+0.330,0.546,-0.600,1
125,100.4,63.6,41.8,12.05,63.6,185,3.15,-0.162,+0.282,0.589,-0.600,0
126,69.8,67.3,47.0,9.74,67.3,191,3.11,-0.159,+0.280,0.526,-0.600,0
128,67.5,61.6,40.0,12.39,61.6,424,6.65,+0.428,-0.173,0.561,-0.600,0
129,68.2,64.5,43.3,10.19,64.5,184,3.18,+0.323,-0.088,0.575,-0.600,0
130,102.6,63.2,43.3,7.78,63.2,181,3.25,-0.278,+0.223,0.583,-0.600,0
131,106.6,106.6,51.1,16.07,106.6,2610,26.72,-0.422,+0.520,0.250,-0.600,0
136,100.6,67.9,42.8,12.96,67.9,186,3.06,-0.423,+0.276,0.513,-0.600,0
141,76.6,69.8,45.5,13.59,69.8,466,6.68,+0.507,-0.084,0.458,-0.600,0
143,101.4,66.0,47.9,8.25,66.0,187,3.09,-0.190,+0.334,0.541,-0.600,0
144,75.3,66.0,43.2,12.59,66.0,505,7.60,+0.518,-0.038,0.441,-0.600,0
145,102.4,103.3,45.8,16.32,103.3,2596,26.97,-0.272,+0.811,0.114,-0.600,0
146,83.1,67.5,47.0,8.79,67.5,189,3.12,+0.055,+0.232,0.560,-0.600,1
147,63.2,60.9,40.9,9.86,60.9,173,3.14,+0.177,+0.314,0.521,-0.600,0
148,71.0,71.0,46.2,13.67,71.0,510,7.32,+0.517,-0.094,0.419,-0.600,0
151,102.7,66.4,42.5,14.44,66.4,605,8.76,-0.377,+0.363,0.415,-0.600,0
152,85.6,68.2,46.3,9.57,68.2,193,3.13,+0.167,+0.295,0.556,-0.600,1
154,70.7,67.5,42.5,13.11,67.5,443,6.63,+0.378,-0.140,0.589,-0.600,0
155,69.7,69.0,46.9,10.29,69.0,193,3.11,+0.310,+0.067,0.539,-0.600,0
156,95.9,62.3,43.4,8.92,62.3,176,3.09,+0.013,+0.231,0.518,-0.600,1
157,68.5,65.4,46.6,12.00,65.4,448,6.66,+0.441,-0.036,0.555,-0.600,0
159,101.6,69.2,43.4,12.52,69.2,195,3.15,-0.072,+0.322,0.532,-0.600,1
160,100.8,65.4,45.1,7.08,65.4,188,3.19,+0.058,+0.250,0.562,-0.600,1
161,105.6,65.8,46.5,12.61,65.8,452,6.71,+0.440,-0.199,0.554,-0.600,0
162,102.9,67.0,45.9,9.05,67.0,189,3.15,-0.077,+0.261,0.592,-0.600,1
164,73.0,69.8,47.7,10.70,69.8,195,3.11,+0.228,+0.130,0.529,-0.600,0
167,105.5,66.3,41.6,13.05,66.3,192,3.16,-0.247,+0.251,0.595,-0.600,0
168,101.2,68.7,48.4,8.29,68.7,194,3.15,-0.084,+0.267,0.570,-0.600,1
170,77.5,87.2,45.4,15.09,87.2,981,11.12,-0.037,+0.805,0.137,-0.600,0
172,71.7,67.9,47.4,10.10,67.9,193,3.14,+0.272,+0.006,0.518,-0.600,0
173,76.4,69.6,44.3,13.29,69.6,461,6.71,+0.501,+0.274,0.410,-0.600,0
175,82.6,70.1,44.9,16.08,70.1,439,6.06,-0.477,+0.509,0.357,-0.600,0
177,69.0,68.4,46.7,11.82,68.4,445,6.63,+0.462,-0.155,0.522,-0.600,0
178,102.4,66.7,44.9,13.48,66.7,441,6.40,+0.463,+0.188,0.483,-0.600,1
179,102.4,67.6,46.0,10.48,67.6,191,3.12,-0.180,+0.342,0.537,-0.600,0
180,104.5,64.0,45.5,8.14,64.0,183,3.12,+0.105,+0.162,0.494,-0.600,1
182,103.0,103.3,47.3,16.12,103.3,2585,26.97,-0.284,+0.801,0.124,-0.600,0
185,76.9,71.9,44.6,13.79,71.9,550,7.78,+0.529,+0.022,0.390,-0.600,0
187,68.3,66.7,48.6,10.88,66.7,445,6.69,+0.476,-0.150,0.518,-0.600,0
188,81.6,67.9,47.2,10.31,67.9,193,3.10,+0.020,+0.255,0.548,-0.600,1
190,102.1,64.9,43.1,8.82,64.9,183,3.14,+0.035,+0.323,0.538,-0.600,1
195,104.0,67.8,46.9,8.91,67.8,190,3.10,+0.113,+0.283,0.507,-0.600,1
196,107.6,66.8,47.9,9.25,66.8,188,3.08,+0.137,+0.338,0.520,-0.600,0
197,96.6,69.0,47.1,12.87,69.0,463,6.65,+0.490,+0.181,0.429,-0.600,0
200,79.5,68.4,46.6,12.32,68.4,198,3.12,+0.311,+0.197,0.535,-0.600,1
201,105.3,65.1,52.7,7.59,65.1,182,3.02,-0.252,+0.311,0.526,-0.600,0
203,103.1,68.0,47.3,9.82,68.0,194,3.16,-0.229,+0.302,0.537,-0.600,0
205,74.0,66.0,45.7,12.02,66.0,438,6.61,+0.348,-0.180,0.583,-0.600,0
207,105.3,56.7,37.7,17.08,56.7,220,2.98,+0.465,+0.061,0.454,+0.000,0
213,103.1,103.4,41.8,17.32,103.4,2544,26.98,-0.324,+0.808,0.127,-0.600,0
214,89.6,68.0,42.7,15.07,68.0,432,6.28,-0.642,+0.323,0.392,-0.600,0
216,68.4,68.4,40.8,13.04,68.4,453,6.69,+0.522,-0.049,0.462,-0.600,0
217,105.5,105.8,44.9,19.36,105.8,2568,26.96,+0.559,+0.195,0.329,-0.600,0
220,100.0,101.7,47.5,14.99,101.7,2626,26.97,-0.492,+0.688,0.293,-0.600,0
221,75.6,67.3,47.2,12.34,67.3,450,6.56,+0.470,+0.022,0.494,-0.600,0
224,109.2,109.4,51.7,11.15,109.4,2957,26.97,,,,-0.600,0
226,78.6,79.6,44.0,20.56,79.6,808,9.55,-0.184,+0.882,0.213,-0.600,0
229,70.7,70.0,42.8,13.33,70.0,463,6.69,+0.518,-0.020,0.448,-0.600,0
230,103.4,65.6,43.0,8.45,65.6,184,3.17,-0.161,+0.276,0.589,-0.600,0
231,76.1,60.6,44.6,11.66,60.6,413,6.22,-0.533,+0.000,0.546,-0.600,0
232,70.5,66.9,45.9,11.24,66.9,192,3.13,+0.301,-0.073,0.539,-0.600,0
234,102.9,67.7,44.7,11.29,67.7,192,3.13,-0.009,+0.289,0.582,-0.600,1
237,69.4,67.4,46.8,11.03,67.4,429,6.54,+0.353,-0.190,0.592,-0.600,0
239,79.9,69.4,45.7,15.51,69.4,439,6.06,-0.495,+0.546,0.370,-0.600,0
240,79.8,67.6,44.0,12.14,67.6,191,3.12,-0.091,+0.186,0.563,-0.600,1
241,100.2,60.9,44.2,7.88,60.9,176,3.10,-0.022,+0.137,0.552,-0.600,1
244,99.2,69.4,44.8,11.14,69.4,440,6.52,-0.377,+0.281,0.485,-0.600,0
245,69.5,66.6,42.4,12.36,66.6,428,6.62,+0.359,-0.176,0.575,-0.600,0
247,67.3,65.7,44.9,10.50,65.7,188,3.18,+0.226,-0.099,0.572,-0.600,0
251,102.1,36.0,36.0,4.16,36.0,75,1.49,+0.288,+0.144,0.579,+0.000,0
252,75.7,69.5,44.7,12.58,69.5,540,7.80,+0.533,+0.104,0.368,-0.600,0
253,103.5,67.4,45.1,9.51,67.4,189,3.14,-0.264,+0.263,0.589,-0.600,0
255,80.4,70.5,43.5,14.72,70.5,593,8.04,+0.536,+0.103,0.364,-0.600,0
256,77.7,69.6,47.5,12.53,69.6,463,6.68,+0.485,+0.128,0.445,-0.600,0
258,102.2,66.0,42.7,11.35,66.0,182,3.08,-0.315,+0.224,0.586,-0.600,0
260,106.8,67.8,46.0,8.80,67.8,191,3.13,-0.186,+0.323,0.554,-0.600,0
263,105.1,105.3,49.7,15.37,105.3,2658,26.97,-0.523,+0.714,0.291,-0.600,0
265,82.1,68.6,46.8,12.82,68.6,470,6.77,+0.494,+0.058,0.579,-0.600,1
268,79.6,69.6,45.4,14.35,69.6,640,8.60,+0.539,+0.066,0.377,-0.600,0
270,102.9,103.7,28.9,14.67,103.7,2511,26.21,-0.202,+0.854,0.093,-0.600,0
271,75.9,67.3,43.8,10.72,67.3,194,3.28,-0.384,+0.036,0.593,-0.600,0
273,103.4,67.7,42.5,13.71,67.7,448,6.52,+0.440,+0.099,0.524,-0.600,1
275,77.5,66.7,45.4,12.46,66.7,447,6.65,+0.496,+0.105,0.439,-0.600,0
276,98.0,98.2,47.1,14.40,98.2,2509,26.98,-0.319,+0.814,0.112,-0.600,0
278,103.1,64.0,50.7,7.70,64.0,182,3.05,-0.020,+0.333,0.549,-0.600,1
279,70.6,66.4,39.7,10.52,66.4,184,3.10,-0.390,+0.126,0.519,-0.600,0
281,74.1,69.7,39.6,14.42,69.7,561,7.99,+0.544,+0.062,0.353,-0.600,0
284,75.2,66.8,45.9,9.67,66.8,193,3.22,-0.408,+0.245,0.591,-0.600,0
285,106.9,68.5,46.3,10.92,68.5,191,3.12,+0.290,+0.140,0.548,-0.600,0
286,74.3,67.7,44.7,13.26,67.7,453,6.61,+0.499,-0.079,0.493,-0.600,0
287,77.4,66.8,45.0,12.46,66.8,446,6.66,+0.420,-0.194,0.586,-0.600,0
289,108.4,108.4,48.0,16.70,108.4,2720,26.98,-0.490,+0.579,0.337,-0.600,0
291,107.5,68.5,45.5,10.61,68.5,191,3.11,+0.051,+0.298,0.538,-0.600,1
292,100.7,82.4,45.5,15.68,82.4,603,7.89,-0.239,+0.479,0.412,-0.600,0
294,106.3,106.4,48.6,18.55,106.4,2598,26.97,+0.550,+0.246,0.336,-0.600,0
296,72.7,77.4,48.9,12.67,77.4,728,9.73,+0.542,+0.011,0.395,-0.600,0
297,76.1,66.9,46.5,9.64,66.9,190,3.16,+0.211,+0.142,0.591,-0.600,0
299,68.4,68.0,48.4,11.39,68.0,436,6.53,+0.397,-0.074,0.589,-0.600,0
302,101.8,69.1,43.7,9.63,69.1,192,3.11,+0.016,+0.340,0.535,-0.600,1
304,77.1,65.8,43.2,11.22,65.8,439,6.61,+0.575,+0.021,0.523,-0.600,1
305,92.6,97.8,36.9,22.96,97.8,674,7.01,+0.145,-0.433,0.494,+0.000,0
307,93.9,64.0,43.6,9.94,64.0,181,3.15,+0.170,+0.100,0.553,-0.600,1
308,102.7,38.0,38.0,7.83,38.0,11,0.41,+0.447,+0.085,0.461,+0.000,0
309,99.5,67.5,42.8,9.78,67.5,186,3.12,-0.280,+0.332,0.549,-0.600,0
311,75.6,76.9,45.8,21.65,76.9,741,9.23,-0.285,+0.822,0.114,-0.600,0
313,67.9,66.9,47.6,10.71,66.9,449,6.76,+0.482,-0.049,0.448,-0.600,0
315,93.1,65.2,42.6,10.81,65.2,182,3.12,-0.037,+0.253,0.553,-0.600,1
317,97.3,65.3,44.8,9.08,65.3,183,3.14,+0.269,+0.075,0.559,-0.600,0
318,105.5,68.8,46.2,9.32,68.8,191,3.10,-0.173,+0.355,0.529,-0.600,0
320,110.5,68.0,49.0,8.50,68.0,194,3.19,-0.195,+0.233,0.567,-0.600,0
321,71.9,66.3,46.6,8.94,66.3,189,3.13,-0.328,+0.350,0.533,-0.600,0
322,77.7,67.2,45.4,10.96,67.2,194,3.18,-0.088,+0.266,0.543,-0.600,1
325,103.2,66.9,45.8,8.36,66.9,191,3.13,-0.316,+0.295,0.578,-0.600,0
327,107.4,68.0,45.7,8.92,68.0,191,3.14,-0.119,+0.240,0.566,-0.600,0
328,103.4,103.7,46.0,12.28,103.7,2716,26.98,-0.025,+0.868,0.099,-0.600,0
329,80.0,67.2,45.9,9.88,67.2,188,3.11,-0.009,+0.124,0.573,-0.600,1
330,69.8,69.5,45.6,12.80,69.5,459,6.66,+0.504,-0.030,0.440,-0.600,0
331,104.3,68.1,46.9,10.30,68.1,191,3.09,-0.052,+0.362,0.527,-0.600,1
333,104.0,67.0,43.8,11.78,67.0,189,3.10,-0.254,+0.284,0.547,-0.600,0
334,96.8,67.3,46.5,11.10,67.3,195,3.18,-0.120,+0.190,0.567,-0.600,0
335,77.0,70.0,40.5,14.52,70.0,543,7.84,+0.519,+0.062,0.388,-0.600,0
336,64.7,64.6,42.5,12.50,64.6,424,6.61,+0.480,-0.031,0.505,-0.600,0
337,67.8,64.8,43.2,13.28,64.8,442,6.63,+0.508,+0.033,0.445,-0.600,0
338,68.9,68.1,44.6,12.36,68.1,438,6.57,+0.431,-0.088,0.568,-0.600,0
340,76.5,64.6,46.0,11.73,64.6,414,6.15,-0.585,+0.073,0.523,-0.600,0
341,105.4,106.1,51.9,13.20,106.1,2650,26.72,-0.094,+0.807,0.101,-0.600,0
343,72.4,62.9,43.5,12.03,62.9,430,6.62,+0.488,+0.004,0.498,-0.600,0
345,101.2,101.2,44.6,16.34,101.2,2602,26.96,-0.448,+0.580,0.349,-0.600,0
346,101.3,67.6,45.5,11.25,67.6,193,3.14,+0.343,+0.013,0.538,-0.600,0
347,76.3,63.4,42.9,12.36,63.4,402,6.09,-0.611,+0.139,0.475,-0.600,0
348,108.5,108.7,32.3,19.15,108.7,1419,13.43,-0.479,+0.410,0.390,-0.600,0
351,103.7,106.5,48.9,17.81,106.5,2509,26.97,+0.590,+0.548,0.322,-0.600,0
353,105.0,69.3,46.8,12.97,69.3,453,6.42,+0.551,+0.066,0.523,-0.600,1
356,102.0,68.3,43.9,14.00,68.3,440,6.36,+0.508,+0.130,0.527,-0.600,1
357,103.0,67.4,46.9,8.84,67.4,190,3.15,-0.207,+0.310,0.537,-0.600,0
359,104.3,67.5,43.9,11.10,67.5,189,3.09,-0.294,+0.164,0.593,-0.600,0
360,71.1,69.0,45.5,12.04,69.0,421,6.13,-0.621,+0.086,0.501,-0.600,0
369,72.4,69.3,40.8,13.90,69.3,561,8.19,+0.556,+0.095,0.351,-0.600,0
371,101.1,101.2,44.8,11.05,101.2,2684,26.97,-0.180,+0.868,0.102,-0.600,0
372,108.3,108.5,47.3,16.71,108.5,2708,26.97,-0.531,+0.581,0.335,-0.600,0
373,102.3,65.7,47.8,8.99,65.7,188,3.11,-0.136,+0.273,0.549,-0.600,0
377,101.6,64.0,44.6,9.65,64.0,179,3.05,+0.099,+0.300,0.500,-0.600,1
379,76.8,76.8,44.0,17.34,76.8,902,11.51,+0.565,+0.085,0.350,-0.600,0
380,100.0,62.3,44.0,9.83,62.3,181,3.14,+0.206,+0.139,0.547,-0.600,1
382,73.4,66.7,41.8,13.33,66.7,458,6.73,+0.474,-0.074,0.470,-0.600,0
383,100.1,65.9,47.8,9.38,65.9,192,3.15,-0.006,+0.291,0.548,-0.600,1
385,71.5,65.1,43.7,12.40,65.1,190,3.10,-0.339,+0.295,0.574,-0.600,0
386,110.5,70.7,45.1,12.22,70.7,423,6.13,-0.626,+0.131,0.478,-0.600,0
387,68.4,66.4,46.4,9.71,66.4,188,3.13,-0.324,+0.248,0.561,-0.600,0
388,107.5,65.3,45.7,9.07,65.3,192,3.16,+0.103,+0.273,0.553,-0.600,1
390,103.5,65.6,48.4,9.59,65.6,178,2.99,+0.303,+0.242,0.571,-0.600,1
392,91.2,72.2,47.9,14.12,72.2,438,6.09,-0.522,+0.523,0.393,-0.600,0
396,100.4,66.6,46.5,7.86,66.6,188,3.15,+0.027,+0.283,0.574,-0.600,1
397,75.3,67.0,47.9,11.38,67.0,418,6.30,-0.531,+0.028,0.563,-0.600,0
398,64.8,63.1,43.3,12.09,63.1,433,6.73,+0.447,-0.117,0.484,-0.600,0
400,76.7,67.8,48.0,8.73,67.8,193,3.10,+0.165,+0.251,0.496,-0.600,1
403,66.3,65.4,42.8,12.25,65.4,435,6.73,+0.523,-0.251,0.466,-0.600,0
405,105.8,67.0,45.6,7.85,67.0,190,3.17,-0.291,+0.277,0.595,-0.600,0
406,96.1,96.2,47.6,10.25,96.2,2595,26.97,-0.106,+0.832,0.089,-0.600,0
408,66.4,64.8,43.9,11.80,64.8,428,6.64,+0.485,-0.139,0.550,-0.600,0
409,101.3,64.5,41.8,10.87,64.5,183,3.15,+0.266,+0.083,0.593,-0.600,1
410,107.7,107.8,43.5,18.00,107.8,2645,26.97,-0.271,+0.793,0.115,-0.600,0
413,70.5,66.7,47.1,11.62,66.7,425,6.54,+0.368,-0.192,0.584,-0.600,0
416,70.8,67.3,42.9,13.34,67.3,446,6.74,+0.526,-0.138,0.457,-0.600,0
419,76.4,63.5,43.9,12.30,63.5,427,6.64,+0.391,+0.033,0.591,-0.600,1
421,76.4,68.4,49.7,9.54,68.4,483,6.91,+0.557,+0.362,0.422,-0.600,1
424,70.6,67.3,47.5,8.37,67.3,192,3.14,+0.236,+0.066,0.524,-0.600,0
426,101.3,65.1,43.4,8.53,65.1,182,3.10,-0.110,+0.321,0.525,-0.600,0
429,66.3,63.9,43.9,11.96,63.9,435,6.71,+0.472,-0.065,0.468,-0.600,0
431,71.3,71.3,43.8,12.75,71.3,466,6.82,+0.520,-0.032,0.400,-0.600,0
434,101.5,62.7,42.7,9.85,62.7,179,3.16,+0.093,+0.287,0.584,-0.600,1
435,65.4,60.9,39.8,11.40,60.9,398,6.55,+0.454,+0.058,0.540,-0.600,0
436,96.6,97.2,40.8,18.35,97.2,2494,26.97,-0.308,+0.815,0.126,-0.600,0
437,67.9,67.7,44.0,12.11,67.7,437,6.68,+0.496,-0.192,0.498,-0.600,0
438,102.5,102.7,46.3,11.65,102.7,2711,26.96,+0.141,+0.848,0.095,-0.600,0
439,71.4,60.2,40.5,11.82,60.2,396,6.22,-0.587,+0.017,0.526,-0.600,0
442,99.9,79.5,44.2,13.42,79.5,414,5.93,+0.435,-0.332,0.527,-0.600,0
444,70.0,66.8,45.0,12.60,66.8,453,6.81,+0.566,-0.063,0.397,-0.600,0
447,76.4,71.0,47.6,13.31,71.0,472,6.66,+0.517,+0.141,0.415,-0.600,0
448,64.1,39.9,39.9,10.06,39.9,9,0.29,+0.093,+0.379,0.485,+0.000,0
453,68.3,65.8,46.8,11.93,65.8,445,6.60,+0.455,-0.000,0.523,-0.600,0
454,76.6,62.7,41.8,7.93,62.7,174,3.12,+0.227,+0.311,0.563,-0.600,1
457,73.9,68.9,43.0,13.43,68.9,456,6.74,+0.516,-0.109,0.469,-0.600,0
458,84.9,67.1,45.1,9.94,67.1,190,3.13,-0.199,+0.309,0.564,-0.600,0
460,74.8,64.7,43.9,12.34,64.7,190,3.18,+0.217,+0.148,0.592,-0.600,1
463,98.8,68.4,48.8,9.88,68.4,221,3.51,+0.366,+0.099,0.529,-0.600,1
464,84.5,65.6,44.2,9.10,65.6,185,3.10,+0.023,+0.281,0.524,-0.600,1
465,68.3,67.4,48.9,10.53,67.4,452,6.74,+0.495,-0.078,0.453,-0.600,0
468,104.1,63.1,43.0,10.03,63.1,179,3.14,-0.109,+0.249,0.566,-0.600,0
470,99.7,99.8,43.5,16.01,99.8,2509,26.97,-0.356,+0.833,0.121,-0.600,0
471,107.1,107.3,46.4,14.42,107.3,2699,26.97,+0.074,+0.843,0.104,-0.600,0
473,103.5,63.9,43.3,11.74,63.9,402,6.24,-0.549,+0.071,0.582,-0.600,0
474,69.1,66.3,39.7,11.07,66.3,471,7.12,-0.420,+0.184,0.574,-0.600,0
476,72.0,64.9,40.0,13.26,64.9,430,6.63,+0.504,-0.143,0.491,-0.600,0
478,77.4,62.0,41.8,10.48,62.0,179,3.10,+0.010,+0.216,0.496,-0.600,1
479,74.9,79.0,40.4,18.48,79.0,1003,11.89,-0.098,+0.553,0.078,-0.600,0
480,105.4,105.8,49.9,10.93,105.8,2843,26.97,,,,-0.600,0
481,100.5,71.5,42.4,14.89,71.5,162,2.11,+0.376,-0.085,0.530,-0.600,0
486,99.8,63.8,41.9,11.83,63.8,183,3.12,-0.091,+0.370,0.497,-0.600,1
487,93.2,33.4,33.4,22.07,33.4,120,1.44,-0.626,+0.011,0.401,+0.000,0
489,106.3,107.1,38.8,17.73,107.1,2663,26.97,+0.176,+0.773,0.196,-0.600,0
492,73.9,64.8,46.8,9.55,64.8,189,3.30,-0.446,+0.045,0.571,-0.600,0
493,70.8,63.5,43.4,12.81,63.5,435,6.68,+0.513,-0.008,0.430,-0.600,0
494,66.9,64.9,41.0,13.11,64.9,430,6.57,+0.486,+0.092,0.472,-0.600,0
495,75.9,68.5,43.2,11.78,68.5,442,6.75,+0.470,-0.144,0.486,-0.600,0
497,102.2,102.3,44.3,16.88,102.3,2532,26.97,-0.302,+0.826,0.121,-0.600,0
499,73.7,64.2,43.6,9.38,64.2,180,3.12,+0.204,+0.308,0.557,-0.600,1
502,102.8,65.0,44.5,11.19,65.0,187,3.15,-0.036,+0.293,0.563,-0.600,1
505,101.8,64.0,44.2,9.38,64.0,182,3.12,-0.049,+0.335,0.518,-0.600,1
506,68.2,63.0,37.6,12.84,63.0,424,6.68,+0.383,-0.073,0.543,-0.600,0
508,82.7,64.6,38.5,13.76,64.6,187,3.18,-0.012,+0.158,0.587,-0.600,1
509,95.5,63.9,39.6,12.13,63.9,181,3.13,-0.051,+0.151,0.553,-0.600,1
510,100.3,62.0,41.8,12.13,62.0,421,6.47,+0.576,+0.068,0.524,-0.600,1
512,54.3,36.7,36.7,6.30,36.7,30,0.87,-0.627,-0.623,0.543,+0.000,0
513,66.9,64.8,41.4,13.32,64.8,436,6.70,+0.501,-0.170,0.478,-0.600,0
518,77.7,64.0,43.6,11.53,64.0,184,3.06,+0.259,+0.361,0.496,-0.600,1
519,99.6,99.8,42.5,11.06,99.8,2650,26.98,-0.078,+0.906,0.067,-0.600,0
521,75.8,65.9,41.5,13.84,65.9,527,7.78,+0.509,+0.189,0.372,-0.600,0
522,99.9,64.5,40.9,11.35,64.5,180,3.11,+0.161,+0.312,0.528,-0.600,1
524,98.8,64.6,41.6,10.01,64.6,182,3.14,+0.064,+0.256,0.588,-0.600,1
525,63.5,65.7,42.6,17.90,65.7,782,10.33,+0.251,+0.683,0.288,-0.600,0
526,101.1,65.8,41.9,14.75,65.8,616,9.21,+0.023,+0.368,0.537,-0.600,0
528,101.4,65.2,42.9,11.97,65.2,422,6.54,+0.487,-0.097,0.512,-0.600,0
529,95.3,97.0,34.9,12.23,97.0,2448,25.71,+0.088,+0.889,0.062,-0.600,0
531,72.5,63.1,39.0,13.44,63.1,184,3.15,+0.153,+0.196,0.577,-0.600,1
532,64.7,62.4,43.4,10.00,62.4,410,6.67,+0.406,-0.233,0.555,-0.600,0
534,66.8,65.6,40.7,12.50,65.6,188,3.32,+0.302,-0.023,0.588,-0.600,0
535,92.5,58.9,38.6,11.11,58.9,169,3.17,+0.145,+0.172,0.596,-0.600,1
539,78.0,64.2,42.0,10.86,64.2,181,3.16,+0.194,+0.149,0.568,-0.600,1
540,97.6,62.5,41.7,9.02,62.5,176,3.11,-0.125,+0.320,0.544,-0.600,0
541,63.8,62.7,38.9,12.81,62.7,411,6.68,+0.531,-0.242,0.460,-0.600,0
542,92.5,94.8,42.8,11.64,94.8,2474,26.97,-0.039,+0.838,0.097,-0.600,0
544,64.8,64.8,42.0,11.73,64.8,457,7.14,+0.526,-0.035,0.395,-0.600,0
545,77.3,63.4,42.6,9.89,63.4,182,3.13,+0.110,+0.139,0.559,-0.600,1
547,98.2,64.0,42.7,11.11,64.0,184,3.14,-0.017,+0.242,0.534,-0.600,1
548,68.2,61.9,39.8,12.26,61.9,388,6.40,+0.480,+0.011,0.579,-0.600,0
550,70.6,63.9,39.7,13.10,63.9,432,6.71,+0.435,-0.094,0.528,-0.600,0
551,103.2,64.5,42.2,12.03,64.5,398,6.08,-0.510,+0.539,0.376,-0.600,0
553,65.3,65.3,37.0,13.63,65.3,446,6.86,+0.535,-0.130,0.434,-0.600,0
555,73.0,63.4,39.7,11.41,63.4,179,3.13,+0.158,+0.158,0.531,-0.600,1
558,101.4,63.6,43.7,10.25,63.6,181,3.15,+0.153,+0.170,0.588,-0.600,1
561,76.8,63.9,43.0,11.09,63.9,172,2.95,+0.320,+0.240,0.581,-0.600,0
563,97.3,97.8,46.6,15.40,97.8,2602,27.21,-0.181,+0.807,0.116,-0.600,0
566,82.7,66.5,37.8,13.67,66.5,192,3.28,+0.423,+0.075,0.527,-0.600,1
567,100.9,60.4,39.6,10.07,60.4,171,3.13,+0.012,+0.331,0.525,-0.600,1
569,51.0,59.9,41.0,8.68,59.9,170,3.14,+0.074,+0.210,0.532,-0.600,1
570,96.8,59.7,39.9,8.05,59.7,169,3.16,-0.012,+0.199,0.573,-0.600,1
571,99.4,64.4,40.9,11.57,64.4,409,6.52,+0.524,+0.069,0.554,-0.600,1
573,96.5,66.0,41.9,12.19,66.0,186,3.13,+0.005,+0.325,0.546,-0.600,1
576,75.7,64.4,41.7,12.06,64.4,185,3.10,+0.274,+0.284,0.506,-0.600,1
577,98.5,98.7,41.8,16.16,98.7,2469,26.97,-0.314,+0.810,0.120,-0.600,0
579,98.2,59.4,33.1,12.88,59.4,5,0.12,+0.106,-0.334,0.527,+0.000,0
580,63.9,61.9,39.9,11.94,61.9,396,6.38,+0.547,+0.043,0.510,-0.600,0
581,89.9,63.9,40.7,11.45,63.9,181,3.23,-0.373,+0.274,0.581,-0.600,0
582,97.9,98.0,33.6,12.55,98.0,2634,26.96,-0.153,+0.800,0.052,-0.600,0
583,94.7,65.7,42.9,11.17,65.7,185,3.12,-0.181,+0.239,0.584,-0.600,0
585,97.3,62.5,36.6,16.88,62.5,197,2.67,-0.364,+0.370,0.512,-0.600,0
588,65.1,61.0,39.4,12.43,61.0,401,6.51,+0.369,+0.060,0.579,-0.600,0
589,64.5,61.2,38.5,14.21,61.2,426,6.70,+0.494,-0.046,0.468,-0.600,0
592,89.9,59.5,34.5,13.90,59.5,396,6.33,+0.580,+0.045,0.521,-0.600,1
